0,0.0002532090002205223
1,0.0001277169940294698
2,5.451099423225969e-05
3,4.792699473910034e-05
4,4.599100793711841e-05
5,4.608600283972919e-05
6,4.631000047083944e-05
7,4.6105997171252966e-05
8,4.602200351655483e-05
9,4.609400639310479e-05
10,4.60130104329437e-05
11,4.588400770444423e-05
12,4.602799890562892e-05
13,4.6316999942064285e-05
14,4.615899524651468e-05
15,4.627701127901673e-05
16,4.586299473885447e-05
17,4.626900772564113e-05
18,4.6057990402914584e-05
19,4.602600529324263e-05
20,4.6236003981903195e-05
21,4.589000309351832e-05
22,4.573099431581795e-05
23,4.609000461641699e-05
24,4.5984008465893567e-05
25,4.578899824991822e-05
26,4.609499592334032e-05
27,4.556299245450646e-05
28,4.5849999878555536e-05
29,4.58719878224656e-05
30,4.584800626616925e-05
31,7.292500231415033e-05
32,4.848999378737062e-05
33,4.861300112679601e-05
34,5.416500789579004e-05
35,8.213600085582584e-05
36,9.578600293025374e-05
37,7.37670052330941e-05
38,6.108800880610943e-05
39,6.246300472412258e-05
40,5.603099998552352e-05
41,5.7590004871599376e-05
42,6.214500172063708e-05
43,4.7070003347471356e-05
44,5.2233997848816216e-05
45,6.131699774414301e-05
46,8.329900447279215e-05
47,8.494699432048947e-05
48,8.039100794121623e-05
49,7.797700527589768e-05
50,9.11479874048382e-05
51,6.989699613768607e-05
52,5.84459921810776e-05
53,6.718600343447179e-05
54,5.431499448604882e-05
55,4.8592002713121474e-05
56,4.6397006371989846e-05
57,4.590999742504209e-05
58,4.513999738264829e-05
59,4.529600846581161e-05
60,4.508500569500029e-05
61,4.684401210397482e-05
62,4.5052001951262355e-05
63,4.717099363915622e-05
64,4.54399996669963e-05
65,4.530999285634607e-05
66,4.5900000259280205e-05
67,4.857098974753171e-05
68,5.416899512056261e-05
69,7.702200673520565e-05
70,9.689699800219387e-05
71,0.00011052499758079648
72,0.0001984550035558641
73,0.00010195199865847826
74,5.459500243887305e-05
75,4.502700176090002e-05
76,4.503999662119895e-05
77,4.510700819082558e-05
78,4.489699495024979e-05
79,4.496099427342415e-05
80,4.475499736145139e-05
81,4.4800006435252726e-05
82,4.50000079581514e-05
83,4.513500607572496e-05
84,4.5021006371825933e-05
85,4.4778003939427435e-05
86,4.499500209931284e-05
87,4.485598765313625e-05
88,4.476700269151479e-05
89,4.4863991206511855e-05
90,4.486199759412557e-05
91,4.4661006540991366e-05
92,4.485200042836368e-05
93,4.506199911702424e-05
94,4.4903994421474636e-05
95,4.4661006540991366e-05
96,4.5267006498761475e-05
97,4.5003005652688444e-05
98,4.477299808058888e-05
99,4.501400690060109e-05
100,4.503699892666191e-05
101,4.5034001232124865e-05
102,4.5056003727950156e-05
103,4.490099672693759e-05
104,4.482099029701203e-05
105,4.4967004214413464e-05
106,4.496600013226271e-05
107,4.497299960348755e-05
108,4.497700138017535e-05
109,4.48240025434643e-05
110,4.495600296650082e-05
111,4.4907996198162436e-05
112,4.4885993702337146e-05
113,4.4778003939427435e-05
114,4.497800546232611e-05
115,4.490099672693759e-05
116,4.49960061814636e-05
117,4.499699571169913e-05
118,4.508699930738658e-05
119,4.498699854593724e-05
120,4.5024993596598506e-05
121,4.4832995627075434e-05
122,4.4822998461313546e-05
123,4.476199683267623e-05
124,4.498599446378648e-05
125,4.4850006815977395e-05
126,4.503999662119895e-05
127,4.488800186663866e-05
128,4.510799772106111e-05
129,4.481700307223946e-05
130,4.498600901570171e-05
131,4.496600013226271e-05
132,4.501799412537366e-05
133,4.4993998017162085e-05
134,4.5007996959611773e-05
135,4.498699854593724e-05
136,4.492000152822584e-05
137,4.481700307223946e-05
138,4.482900840230286e-05
139,4.491901199799031e-05
140,4.4931002776138484e-05
141,4.488400008995086e-05
142,4.497900954447687e-05
143,4.490099672693759e-05
144,4.518400237429887e-05
145,4.464299126993865e-05
146,4.496998735703528e-05
147,4.487199475988746e-05
148,4.489299317356199e-05
149,4.488200647756457e-05
150,4.490699211601168e-05
151,4.490501305554062e-05
152,4.467699909582734e-05
153,4.497899499256164e-05
154,4.483800148591399e-05
155,4.477299808058888e-05
156,4.4782005716115236e-05
157,4.515200271271169e-05
158,4.5008011511527e-05
159,4.503900709096342e-05
160,4.516300396062434e-05
161,4.509800055529922e-05
162,4.529500438366085e-05
163,4.5330001739785075e-05
164,4.498100315686315e-05
165,4.5084001612849534e-05
166,4.531799640972167e-05
167,4.524299583863467e-05
168,4.5217006118036807e-05
169,4.519600770436227e-05
170,4.5213004341349006e-05
171,4.541799717117101e-05
172,4.508899291977286e-05
173,4.53890097560361e-05
174,4.527998680714518e-05
175,4.50710067525506e-05
176,4.508100391831249e-05
177,4.5114007662050426e-05
178,4.532000457402319e-05
179,4.554200859274715e-05
180,4.5285007217898965e-05
181,4.512901068665087e-05
182,4.5172986574471e-05
183,4.538799112197012e-05
184,4.5082997530698776e-05
185,4.532300226856023e-05
186,6.081598985474557e-05
187,4.388899833429605e-05
188,4.396498843561858e-05
189,4.396899021230638e-05
190,4.374999844003469e-05
191,4.404899664223194e-05
192,4.3791995267383754e-05
193,4.371700924821198e-05
194,4.3715001083910465e-05
195,4.389599780552089e-05
196,4.368000372778624e-05
197,4.388799425214529e-05
198,4.379398887977004e-05
199,4.3858992285095155e-05
200,4.379200981929898e-05
201,4.3935011490248144e-05
202,4.4015992898494005e-05
203,4.3872001697309315e-05
204,4.365100176073611e-05
205,4.3747000745497644e-05
206,4.3791995267383754e-05
207,4.3811000068672e-05
208,4.39870054833591e-05
209,4.388000525068492e-05
210,4.367200017441064e-05
211,4.3625012040138245e-05
212,4.349800292402506e-05
213,4.3626001570373774e-05
214,4.356598947197199e-05
215,4.34809917351231e-05
216,4.360500315669924e-05
217,4.348398942966014e-05
218,4.378099401947111e-05
219,4.36650007031858e-05
220,4.358300066087395e-05
221,4.350600647740066e-05
222,4.363500920590013e-05
223,4.344900662545115e-05
224,4.3400010326877236e-05
225,4.3638996430672705e-05
226,4.345198976807296e-05
227,4.363799234852195e-05
228,4.3382999137975276e-05
229,4.3463995098136365e-05
230,4.3669992010109127e-05
231,4.358700243756175e-05
232,4.374899435788393e-05
233,4.4047992560081184e-05
234,4.3890991946682334e-05
235,4.3549007386900485e-05
236,4.3867999920621514e-05
237,4.378800804261118e-05
238,4.3729000026360154e-05
239,4.36650007031858e-05
240,4.3809006456285715e-05
241,4.386500222608447e-05
242,4.376099968794733e-05
243,4.3755004298873246e-05
244,4.3881009332835674e-05
245,4.3840991565957665e-05
246,4.4033993617631495e-05
247,4.3764011934399605e-05
248,4.3822990846820176e-05
249,4.374398849904537e-05
250,4.374499258119613e-05
251,4.394599818624556e-05
252,4.3836000259034336e-05
253,4.382000770419836e-05
254,4.3840002035722136e-05
255,4.403899947647005e-05
256,7.55929941078648e-05
257,4.412600537762046e-05
258,4.3759995605796576e-05
259,4.4876011088490486e-05
260,4.3966007069684565e-05
261,4.3984997319057584e-05
262,4.388899833429605e-05
263,4.4357002479955554e-05
264,4.3701002141460776e-05
265,4.385100328363478e-05
266,4.3764986912719905e-05
267,4.3899010051973164e-05
268,4.5048000174574554e-05
269,4.424700455274433e-05
270,4.422100028023124e-05
271,4.382200131658465e-05
272,4.4145999709144235e-05
273,4.410301335155964e-05
274,4.399000317789614e-05
275,4.3920997995883226e-05
276,4.456199530977756e-05
277,4.378599987830967e-05
278,4.37440030509606e-05
279,4.364900814834982e-05
280,4.356499994173646e-05
281,4.410199471749365e-05
282,4.344098852016032e-05
283,4.362199979368597e-05
284,4.3364998418837786e-05
285,4.641800478566438e-05
286,4.3526000808924437e-05
287,4.3531996197998524e-05
288,4.354699922259897e-05
289,4.3648004066199064e-05
290,4.388000525068492e-05
291,4.372699186205864e-05
292,4.410000110510737e-05
293,4.3545005610212684e-05
294,4.413799615576863e-05
295,4.3687992729246616e-05
296,5.927200254518539e-05
297,4.254300438333303e-05
298,5.075600347481668e-05
299,4.635099321603775e-05
300,4.7006004024297e-05
301,4.251999780535698e-05
302,4.2553991079330444e-05
303,4.256099055055529e-05
304,4.2446001316420734e-05
305,4.220400296617299e-05
306,4.243099829182029e-05
307,4.246199387125671e-05
308,4.238000838086009e-05
309,4.219199763610959e-05
310,4.247100150678307e-05
311,4.2270999983884394e-05
312,4.2289000703021884e-05
313,4.2252999264746904e-05
314,4.2374987970106304e-05
315,4.235300002619624e-05
316,4.2208004742860794e-05
317,4.234501102473587e-05
318,4.233200161252171e-05
319,4.218700632918626e-05
320,4.2297993786633015e-05
321,4.215900844428688e-05
322,4.790400271303952e-05
323,4.242599243298173e-05
324,4.2373008909635246e-05
325,4.265499592293054e-05
326,4.826100484933704e-05
327,4.275800893083215e-05
328,4.24330064561218e-05
329,4.2136991396546364e-05
330,4.2450992623344064e-05
331,4.222900315653533e-05
332,4.224100848659873e-05
333,4.217099922243506e-05
334,4.2359999497421086e-05
335,4.236400127410889e-05
336,4.23660094384104e-05
337,4.225000157020986e-05
338,4.211999475955963e-05
339,4.266899486538023e-05
340,5.792400042992085e-05
341,4.11100045312196e-05
342,4.1324004996567965e-05
343,4.121799429412931e-05
344,4.119100049138069e-05
345,4.154100315645337e-05
346,4.124699626117945e-05
347,4.171198816038668e-05
348,4.126300336793065e-05
349,4.124699626117945e-05
350,4.137400537729263e-05
351,4.100300429854542e-05
352,4.147799336351454e-05
353,4.1315011912956834e-05
354,4.1274994146078825e-05
355,4.1054998291656375e-05
356,4.116600030101836e-05
357,4.120801168028265e-05
358,4.1090999729931355e-05
359,4.114799958188087e-05
360,4.098600766155869e-05
361,4.1225997847504914e-05
362,4.1216000681743026e-05
363,4.105699190404266e-05
364,4.11529908888042e-05
365,4.11100045312196e-05
366,4.105300467927009e-05
367,4.101300146430731e-05
368,4.139798693358898e-05
369,4.1812993003986776e-05
370,5.0058995839208364e-05
371,5.640999006573111e-05
372,7.230100163724273e-05
373,6.78080104989931e-05
374,8.46290058689192e-05
375,7.072000880725682e-05
376,6.707200373057276e-05
377,5.523499567061663e-05
378,6.356999801937491e-05
379,4.289099888410419e-05
380,5.339400377124548e-05
381,5.44179929420352e-05
382,4.685700696427375e-05
383,4.8846995923668146e-05
384,4.317398997955024e-05
385,4.2790008592419326e-05
386,4.3692009057849646e-05
387,4.128000000491738e-05
388,4.1166989831253886e-05
389,4.102899401914328e-05
390,4.0942992200143635e-05
391,4.118800279684365e-05
392,4.112799069844186e-05
393,4.122300015296787e-05
394,4.104399704374373e-05
395,4.111599992029369e-05
396,4.112599708605558e-05
397,4.113800241611898e-05
398,4.11649962188676e-05
399,4.104500112589449e-05
400,4.1153005440719426e-05
401,4.117899516131729e-05
402,4.1068997234106064e-05
403,5.83950022701174e-05
404,4.2198007577098906e-05
405,4.2144994949921966e-05
406,4.251400241628289e-05
407,4.2307001422159374e-05
408,4.207900201436132e-05
409,4.221500421408564e-05
410,4.2333005694672465e-05
411,4.235499363858253e-05
412,4.243900184519589e-05
413,4.2418003431521356e-05
414,4.2337997001595795e-05
415,4.2483996367082e-05
416,4.234800871927291e-05
417,4.2521991417743266e-05
418,4.223200085107237e-05
419,4.252100188750774e-05
420,4.2526997276581824e-05
421,4.220999835524708e-05
422,4.237999382894486e-05
423,4.231299681123346e-05
424,4.2467989260330796e-05
425,4.225900920573622e-05
426,4.2283994844183326e-05
427,5.794299067929387e-05
428,4.122199607081711e-05
429,4.0969986002892256e-05
430,4.1099992813542485e-05
431,4.105799598619342e-05
432,4.0893995901569724e-05
433,4.113800241611898e-05
434,4.1306993807666004e-05
435,4.119100049138069e-05
436,4.0956001612357795e-05
437,4.102199454791844e-05
438,4.1095001506619155e-05
439,4.1216000681743026e-05
440,4.1320003219880164e-05
441,4.1104998672381043e-05
442,4.139498923905194e-05
443,4.108400025870651e-05
444,4.110300505999476e-05
445,4.112000169698149e-05
446,4.112999886274338e-05
447,4.097798955626786e-05
448,4.101599915884435e-05
449,4.104699473828077e-05
450,5.6953998864628375e-05
451,4.000200715381652e-05
452,4.0090002585202456e-05
453,3.9874008507467806e-05
454,4.004199581686407e-05
455,4.016900493297726e-05
456,3.9937993278726935e-05
457,3.9923994336277246e-05
458,3.994000144302845e-05
459,3.992101119365543e-05
460,3.980498877353966e-05
461,3.999899490736425e-05
462,3.994499274995178e-05
463,4.006498784292489e-05
464,3.973099228460342e-05
465,3.9915001252666116e-05
466,3.993998689111322e-05
467,4.020999767817557e-05
468,3.993099380750209e-05
469,3.987200034316629e-05
470,4.0122002246789634e-05
471,4.005599475931376e-05
472,5.6456003221683204e-05
473,3.87740001315251e-05
474,3.890300286002457e-05
475,3.886299964506179e-05
476,3.88289918191731e-05
477,4.822599294129759e-05
478,3.894499968737364e-05
479,3.872599336318672e-05
480,3.8672995287925005e-05
481,3.881000156980008e-05
482,3.872100205626339e-05
483,3.881799057126045e-05
484,3.883200406562537e-05
485,3.874300455208868e-05
486,3.880800795741379e-05
487,3.890300286002457e-05
488,3.8915008190087974e-05
489,3.878699499182403e-05
490,3.891400410793722e-05
491,3.899799776263535e-05
492,3.8973987102508545e-05
493,3.8996004150249064e-05
494,3.890099469572306e-05
495,3.885799378622323e-05
496,3.894799738191068e-05
497,3.877301060128957e-05
498,3.893001121468842e-05
499,3.899300645571202e-05
500,3.884600300807506e-05
501,3.875400580000132e-05
502,3.885499609168619e-05
503,3.896300040651113e-05
504,3.875599941238761e-05
505,3.888500214088708e-05
506,3.879198629874736e-05
507,3.87110048905015e-05
508,3.895899862982333e-05
509,3.897699934896082e-05
510,3.880499571096152e-05
511,3.8972997572273016e-05
512,3.8722995668649673e-05
513,3.888500214088708e-05
514,3.8561003748327494e-05
515,3.886000195052475e-05
516,3.8874990423209965e-05
517,3.882200689986348e-05
518,3.8785001379437745e-05
519,3.8910991861484945e-05
520,3.902000025846064e-05
521,3.885800833813846e-05
522,3.884600300807506e-05
523,3.8847996620461345e-05
524,3.902000025846064e-05
525,3.885799378622323e-05
526,3.883099998347461e-05
527,3.8856989704072475e-05
528,3.88999906135723e-05
529,3.876899427268654e-05
530,3.894399560522288e-05
531,3.9036996895447373e-05
532,3.87150066671893e-05
533,3.899799776263535e-05
534,3.882299643009901e-05
535,3.893999382853508e-05
536,3.886201011482626e-05
537,3.870799264404923e-05
538,3.881500742863864e-05
539,3.874200046993792e-05
540,3.888200444635004e-05
541,3.881400334648788e-05
542,3.8749989471398294e-05
543,3.8928992580622435e-05
544,3.875899710692465e-05
545,3.896700218319893e-05
546,3.8820988265797496e-05
547,5.4912001360207796e-05
548,3.7851001252420247e-05
549,3.796699456870556e-05
550,3.777699021156877e-05
551,5.9596990467980504e-05
552,4.727499617729336e-05
553,3.8205995224416256e-05
554,8.671500836499035e-05
555,6.231600127648562e-05
556,4.020301275886595e-05
557,8.562700531911105e-05
558,8.06339958216995e-05
559,0.00010079500498250127
560,4.553300095722079e-05
561,8.179999713320285e-05
562,7.542000093962997e-05
563,8.512299973517656e-05
564,6.270999438129365e-05
565,7.205200381577015e-05
566,6.537399895023555e-05
567,4.6524000936187804e-05
568,5.0362999900244176e-05
569,4.236299719195813e-05
570,5.3377996664494276e-05
571,4.60559967905283e-05
572,4.162300319876522e-05
573,4.959900979883969e-05
574,4.726200131699443e-05
575,4.612200427800417e-05
576,4.556099884212017e-05
577,0.00015504600014537573
578,6.90099986968562e-05
579,7.014699804130942e-05
580,5.4150004871189594e-05
581,4.7066001570783556e-05
582,5.73819997953251e-05
583,5.262799095362425e-05
584,4.2226005461998284e-05
585,3.927700163330883e-05
586,3.949600795749575e-05
587,3.933999687433243e-05
588,3.934399865102023e-05
589,3.960799949709326e-05
590,3.936899884138256e-05
591,3.935099812224507e-05
592,3.916201239917427e-05
593,3.942500916309655e-05
594,3.928999649360776e-05
595,3.94060043618083e-05
596,3.980500332545489e-05
597,3.95199895137921e-05
598,3.984100476372987e-05
599,3.9623992051929235e-05
600,3.976999141741544e-05
601,3.9588005165569484e-05
602,3.958500747103244e-05
603,3.950399695895612e-05
604,3.974701394326985e-05
605,3.9790000300854445e-05
606,3.965699579566717e-05
607,3.946399374399334e-05
608,3.934299456886947e-05
609,3.959301102440804e-05
610,3.9232996641658247e-05
611,3.9677004679106176e-05
612,3.976099833380431e-05
613,3.962901246268302e-05
614,3.9633989217691123e-05
615,3.9619000745005906e-05
616,3.9578007999807596e-05
617,3.9566002669744194e-05
618,3.9627993828617036e-05
619,3.954500425606966e-05
620,3.973901038989425e-05
621,3.982499765697867e-05
622,3.978800668846816e-05
623,3.979599568992853e-05
624,3.9681995986029506e-05
625,3.953799023292959e-05
626,3.9862003177404404e-05
627,3.962600021623075e-05
628,3.938398731406778e-05
629,3.950099926441908e-05
630,3.940700844395906e-05
631,3.971099795307964e-05
632,3.965699579566717e-05
633,3.9425998693332076e-05
634,3.935700806323439e-05
635,3.967800876125693e-05
636,3.9431004552170634e-05
637,3.9480990380980074e-05
638,3.9452992496080697e-05
639,3.959400055464357e-05
640,3.9691003621555865e-05
641,3.9609993109479547e-05
642,3.953900886699557e-05
643,3.968300006818026e-05
644,3.9498991100117564e-05
645,3.9717997424304485e-05
646,3.9588005165569484e-05
647,3.930600360035896e-05
648,3.9480000850744545e-05
649,3.978799213655293e-05
650,3.950599057134241e-05
651,3.9812002796679735e-05
652,3.9431004552170634e-05
653,3.956200089305639e-05
654,3.949699748773128e-05
655,3.955500142183155e-05
656,3.977799497079104e-05
657,3.97830008296296e-05
658,3.9720005588606e-05
659,3.955401189159602e-05
660,3.948299854528159e-05
661,3.9820995880290866e-05
662,3.975600702688098e-05
663,3.9564998587593436e-05
664,3.94649978261441e-05
665,3.974299761466682e-05
666,3.972899867221713e-05
667,3.957300214096904e-05
668,3.968599776271731e-05
669,3.977300366386771e-05
670,3.993199788965285e-05
671,3.9502992876805365e-05
672,3.9727005059830844e-05
673,3.967899829149246e-05
674,3.947000368498266e-05
675,3.9731996366754174e-05
676,3.950099926441908e-05
677,3.957399167120457e-05
678,3.938299778383225e-05
679,3.931501123588532e-05
680,3.9462989661842585e-05
681,3.9345002733170986e-05
682,3.932999970857054e-05
683,3.920099698007107e-05
684,3.924900374840945e-05
685,3.944500349462032e-05
686,3.938000008929521e-05
687,3.938699956052005e-05
688,3.9493010262958705e-05
689,3.9399994420818985e-05
690,3.93310037907213e-05
691,3.93390073440969e-05
692,3.94020025851205e-05
693,3.950900281779468e-05
694,3.9331993320956826e-05
695,3.9234000723809004e-05
696,3.943899355363101e-05
697,3.9412989281117916e-05
698,3.9309001294896007e-05
699,3.9336009649559855e-05
700,3.919399750884622e-05
701,3.920799645129591e-05
702,3.931300307158381e-05
703,5.0260001444257796e-05
704,4.275799437891692e-05
705,3.936499706469476e-05
706,3.924399788957089e-05
707,3.9125996408984065e-05
708,3.941499744541943e-05
709,3.936700522899628e-05
710,3.941598697565496e-05
711,3.9391001337207854e-05
712,3.930799721274525e-05
713,3.9359001675620675e-05
714,3.945498610846698e-05
715,3.921300231013447e-05
716,3.9687001844868064e-05
717,4.719299613498151e-05
718,4.024599911645055e-05
719,3.97280091419816e-05
720,3.921199822798371e-05
721,3.9031001506373286e-05
722,3.9008999010547996e-05
723,3.9017992094159126e-05
724,3.918798756785691e-05
725,3.904200275428593e-05
726,3.9040009141899645e-05
727,3.924399788957089e-05
728,3.93939990317449e-05
729,3.917400317732245e-05
730,3.919399750884622e-05
731,3.909099905285984e-05
732,3.8924001273699105e-05
733,3.8771002436988056e-05
734,3.8915008190087974e-05
735,3.892100357916206e-05
736,3.885099431499839e-05
737,3.8879006751812994e-05
738,3.898100112564862e-05
739,3.8964994018897414e-05
740,3.896599810104817e-05
741,3.8918995414860547e-05
742,3.894399560522288e-05
743,3.881299926433712e-05
744,3.888200444635004e-05
745,3.888100036419928e-05
746,3.901100717484951e-05
747,3.865700273308903e-05
748,3.8999991375021636e-05
749,3.8972997572273016e-05
750,3.895300324074924e-05
751,4.5949011109769344e-05
752,4.710999201051891e-05
753,5.2400995627976954e-05
754,4.0547005482949317e-05
755,5.765500827692449e-05
756,3.999499313067645e-05
757,4.63190081063658e-05
758,4.923999949824065e-05
759,5.118599801789969e-05
760,4.5868000597693026e-05
761,3.900800948031247e-05
762,4.066199471708387e-05
763,3.898599243257195e-05
764,4.237299435772002e-05
765,4.172099579591304e-05
766,4.265899769961834e-05
767,7.032199937384576e-05
768,6.117000884842128e-05
769,5.964400770608336e-05
770,4.357399302534759e-05
771,6.223599484656006e-05
772,6.768399907741696e-05
773,6.660500366706401e-05
774,7.18749943189323e-05
775,5.5095995776355267e-05
776,5.269900429993868e-05
777,4.579999949783087e-05
778,4.338099097367376e-05
779,4.2728002881631255e-05
780,4.537600034382194e-05
781,4.9134003347717226e-05
782,4.3392006773501635e-05
783,4.4921005610376596e-05
784,4.015499143861234e-05
785,9.545100328978151e-05
786,0.00011584299500100315
787,0.00010141500388272107
788,9.716600470710546e-05
789,9.593699360266328e-05
790,6.126299558673054e-05
791,4.0400991565547884e-05
792,4.5117994886823e-05
793,6.350599869620055e-05
794,5.39110042154789e-05
795,6.561299960594624e-05
796,8.454199996776879e-05
797,0.0001394199935020879
798,0.00015884399181231856
799,5.447000148706138e-05
800,4.120499943383038e-05
801,3.892100357916206e-05
802,3.885000478476286e-05
803,3.88249900424853e-05
804,3.8919009966775775e-05
805,3.8942991523072124e-05
806,3.8811995182186365e-05
807,3.8812009734101593e-05
808,3.8861006032675505e-05
809,3.881301381625235e-05
810,3.8932994357310236e-05
811,3.880400618072599e-05
812,3.877699782606214e-05
813,3.881299926433712e-05
814,3.8767990190535784e-05
815,3.886398917529732e-05
816,3.8956000935286283e-05
817,3.889900108333677e-05
818,3.894900146406144e-05
819,3.9040998672135174e-05
820,3.882798773702234e-05
821,3.8906000554561615e-05
822,3.8780999602749944e-05
823,3.898399882018566e-05
824,3.894499968737364e-05
825,3.899500006809831e-05
826,3.874600224662572e-05
827,3.8789992686361074e-05
828,3.8767990190535784e-05
829,3.881999873556197e-05
830,3.890700463671237e-05
831,3.873699461109936e-05
832,3.8794009014964104e-05
833,3.91000066883862e-05
834,3.8807993405498564e-05
835,3.893898974638432e-05
836,3.887200728058815e-05
837,3.873399691656232e-05
838,3.87820036849007e-05
839,3.8807003875263035e-05
840,3.893100074492395e-05
841,3.9152990211732686e-05
842,3.892999666277319e-05
843,3.872999513987452e-05
844,3.897199349012226e-05
845,3.890899824909866e-05
846,3.888599167112261e-05
847,3.8879006751812994e-05
848,3.877001290675253e-05
849,3.881500742863864e-05
850,3.890300286002457e-05
851,3.8744008634239435e-05
852,3.879099676851183e-05
853,3.892100357916206e-05
854,3.890000516548753e-05
855,3.888500214088708e-05
856,3.887800266966224e-05
857,3.893399843946099e-05
858,3.87150066671893e-05
859,3.8865997339598835e-05
860,3.868099884130061e-05
861,3.887699858751148e-05
862,3.8799000321887434e-05
863,3.8785990909673274e-05
864,3.883200406562537e-05
865,3.895399277098477e-05
866,3.90170025639236e-05
867,3.876100527122617e-05
868,3.8843994843773544e-05
869,3.8978003431111574e-05
870,3.881400334648788e-05
871,3.869799547828734e-05
872,3.868299245368689e-05
873,3.8946003769524395e-05
874,3.886799095198512e-05
875,3.881700104102492e-05
876,3.895899862982333e-05
877,3.925700730178505e-05
878,3.921700408682227e-05
879,3.943899355363101e-05
880,4.011900455225259e-05
881,4.010299744550139e-05
882,5.638299626298249e-05
883,3.7977995816618204e-05
884,3.78440017811954e-05
885,3.809999907389283e-05
886,3.798499528784305e-05
887,3.787101013585925e-05
888,3.799398837145418e-05
889,3.78400000045076e-05
890,3.785300941672176e-05
891,3.807300527114421e-05
892,3.803399158641696e-05
893,3.789000038523227e-05
894,3.803400613833219e-05
895,3.78239928977564e-05
896,3.7995007005520165e-05
897,3.7873993278481066e-05
898,3.8076002965681255e-05
899,3.7936013541184366e-05
900,3.792200004681945e-05
901,3.80830024369061e-05
902,3.7780002458021045e-05
903,3.778599784709513e-05
904,3.784600994549692e-05
905,3.788400499615818e-05
906,3.7959005567245185e-05
907,3.7906997022219e-05
908,3.80240089725703e-05
909,3.793400537688285e-05
910,3.780800034292042e-05
911,3.7681995308957994e-05
912,3.794400254264474e-05
913,3.7794001400470734e-05
914,3.793100768234581e-05
915,3.7955993320792913e-05
916,3.788499452639371e-05
917,3.76980024157092e-05
918,3.789999755099416e-05
919,3.795899101532996e-05
920,3.776000812649727e-05
921,3.793399082496762e-05
922,3.7748992326669395e-05
923,8.695099677424878e-05
924,5.73819997953251e-05
925,3.805798769462854e-05
926,3.7811987567692995e-05
927,6.232300074771047e-05
928,5.5096999858506024e-05
929,3.7915000575594604e-05
930,3.781499981414527e-05
931,3.817699325736612e-05
932,3.781900159083307e-05
933,3.809599729720503e-05
934,3.77649994334206e-05
935,3.7995996535755694e-05
936,3.7915000575594604e-05
937,3.782699059229344e-05
938,3.824499435722828e-05
939,3.79109987989068e-05
940,3.8045007386244833e-05
941,3.777199890464544e-05
942,3.810900670941919e-05
943,3.779199323616922e-05
944,3.810400085058063e-05
945,3.808600013144314e-05
946,3.8187994505278766e-05
947,3.801699494943023e-05
948,3.80200071958825e-05
949,3.8340003811754286e-05
950,3.8183003198355436e-05
951,3.8120997487567365e-05
952,3.805900632869452e-05
953,3.816399839706719e-05
954,3.800200647674501e-05
955,3.785900480579585e-05
956,3.7744001019746065e-05
957,3.7812002119608223e-05
958,3.848200140055269e-05
959,3.8579004467464983e-05
960,3.7802994484081864e-05
961,3.7806996260769665e-05
962,3.793899668380618e-05
963,3.8664002204313874e-05
964,3.806099994108081e-05
965,3.785899025388062e-05
966,3.7653997424058616e-05
967,3.8062993553467095e-05
968,3.839399141725153e-05
969,3.839399141725153e-05
970,3.813700459431857e-05
971,3.770900366362184e-05
972,3.7959995097480714e-05
973,3.798700345214456e-05
974,4.072999581694603e-05
975,3.7870006053708494e-05
976,3.770500188693404e-05
977,3.801498678512871e-05
978,3.798499528784305e-05
979,3.986401134170592e-05
980,3.819499397650361e-05
981,3.819499397650361e-05
982,3.7667996366508305e-05
983,3.81620047846809e-05
984,3.8623998989351094e-05
985,3.788000321947038e-05
986,3.80120036425069e-05
987,3.8072001188993454e-05
988,3.800699778366834e-05
989,3.812699287664145e-05
990,3.7928009987808764e-05
991,3.778398968279362e-05
992,3.798000398091972e-05
993,3.801900311373174e-05
994,3.8184007280506194e-05
995,3.799000114668161e-05
996,3.7918012822046876e-05
997,3.793000360019505e-05
998,3.785500302910805e-05
999,3.841999568976462e-05
1000,3.782300336752087e-05
1001,3.7941004848107696e-05
1002,3.7933001294732094e-05
1003,3.792200004681945e-05
1004,3.789999755099416e-05
1005,3.8461992517113686e-05
1006,3.802598803304136e-05
1007,3.788500907830894e-05
1008,3.816800017375499e-05
1009,3.8179001421667635e-05
1010,3.853000816889107e-05
1011,3.8058991776779294e-05
1012,3.799398837145418e-05
1013,3.7959995097480714e-05
1014,3.7915000575594604e-05
1015,3.8331010728143156e-05
1016,3.791799827013165e-05
1017,3.787799505516887e-05
1018,3.807801112998277e-05
1019,3.7878999137319624e-05
1020,4.123398684896529e-05
1021,3.781799750868231e-05
1022,3.810500493273139e-05
1023,3.803000436164439e-05
1024,3.811999340541661e-05
1025,3.769301110878587e-05
1026,3.8878992199897766e-05
1027,3.79659904865548e-05
1028,3.776000812649727e-05
1029,3.77649994334206e-05
1030,3.922299947589636e-05
1031,3.8273996324278414e-05
1032,3.793000360019505e-05
1033,3.780800034292042e-05
1034,3.80709971068427e-05
1035,3.801699494943023e-05
1036,4.319599247537553e-05
1037,3.780500264838338e-05
1038,3.777799429371953e-05
1039,3.790300979744643e-05
1040,3.8300990127027035e-05
1041,3.811100032180548e-05
1042,3.789798938669264e-05
1043,3.800699778366834e-05
1044,3.785098670050502e-05
1045,3.802300489041954e-05
1046,3.779900725930929e-05
1047,3.777800884563476e-05
1048,3.769100294448435e-05
1049,3.7761987186968327e-05
1050,3.7851001252420247e-05
1051,3.789100446738303e-05
1052,3.7968988181091845e-05
1053,3.782300336752087e-05
1054,3.795399970840663e-05
1055,3.8062993553467095e-05
1056,3.783099236898124e-05
1057,3.784098953474313e-05
1058,3.786200250033289e-05
1059,3.765799920074642e-05
1060,3.774600918404758e-05
1061,3.7842997699044645e-05
1062,3.809700137935579e-05
1063,3.771600313484669e-05
1064,3.778199607040733e-05
1065,3.778999962378293e-05
1066,3.7717007216997445e-05
1067,3.793399082496762e-05
1068,3.78400000045076e-05
1069,3.7762001738883555e-05
1070,3.791600465774536e-05
1071,3.7699996028095484e-05
1072,3.779699909500778e-05
1073,3.783300053328276e-05
1074,3.8008001865819097e-05
1075,3.7891993997618556e-05
1076,3.795399970840663e-05
1077,3.7748992326669395e-05
1078,3.778799145948142e-05
1079,3.799299884121865e-05
1080,3.8241996662691236e-05
1081,3.819199628196657e-05
1082,3.8120007957331836e-05
1083,3.7941994378343225e-05
1084,3.791399649344385e-05
1085,3.806900349445641e-05
1086,3.8219994166865945e-05
1087,3.817799733951688e-05
1088,3.796099917963147e-05
1089,3.8148005842231214e-05
1090,3.782600106205791e-05
1091,3.8169993786141276e-05
1092,3.817700780928135e-05
1093,3.808298788499087e-05
1094,3.8009005947969854e-05
1095,3.815900709014386e-05
1096,3.7981008063070476e-05
1097,3.8009005947969854e-05
1098,3.792099596466869e-05
1099,3.818700497504324e-05
1100,3.814000228885561e-05
1101,3.822699363809079e-05
1102,3.795399970840663e-05
1103,3.7977006286382675e-05
1104,3.8219004636630416e-05
1105,3.822700819000602e-05
1106,3.7959995097480714e-05
1107,3.7865000194869936e-05
1108,3.802799619734287e-05
1109,3.804200969170779e-05
1110,3.81419959012419e-05
1111,3.7887002690695226e-05
1112,3.815999662037939e-05
1113,3.802099672611803e-05
1114,3.800599370151758e-05
1115,3.818699042312801e-05
1116,3.809999907389283e-05
1117,3.816300886683166e-05
1118,3.795600787270814e-05
1119,3.786200250033289e-05
1120,3.771600313484669e-05
1121,3.780399856623262e-05
1122,3.789500624407083e-05
1123,3.784199361689389e-05
1124,3.778700192924589e-05
1125,3.77649994334206e-05
1126,3.780100087169558e-05
1127,3.7789010093547404e-05
1128,3.7717996747232974e-05
1129,3.791799827013165e-05
1130,3.797000681515783e-05
1131,3.7731006159447134e-05
1132,3.7852005334571004e-05
1133,3.7816003896296024e-05
1134,3.772300260607153e-05
1135,3.7831996451132e-05
1136,3.7828998756594956e-05
1137,3.7831996451132e-05
1138,3.773201024159789e-05
1139,3.774900687858462e-05
1140,3.783901047427207e-05
1141,3.789400216192007e-05
1142,3.791700873989612e-05
1143,3.796099917963147e-05
1144,3.7802004953846335e-05
1145,3.774500510189682e-05
1146,3.801699494943023e-05
1147,3.79739940399304e-05
1148,3.8022000808268785e-05
1149,3.811498754657805e-05
1150,3.799000114668161e-05
1151,6.237499474082142e-05
1152,5.517600220628083e-05
1153,4.157600051257759e-05
1154,4.1175997466780245e-05
1155,4.118899232707918e-05
1156,5.644900375045836e-05
1157,3.843399463221431e-05
1158,5.8798003010451794e-05
1159,3.92929941881448e-05
1160,4.07250045100227e-05
1161,4.788899968843907e-05
1162,6.648000271525234e-05
1163,5.407599383033812e-05
1164,6.268899596761912e-05
1165,6.170499545987695e-05
1166,7.564200495835394e-05
1167,8.027500007301569e-05
1168,0.00013713000225834548
1169,6.209001003298908e-05
1170,7.098400965332985e-05
1171,5.561498983297497e-05
1172,3.989999822806567e-05
1173,3.797998942900449e-05
1174,3.774500510189682e-05
1175,3.763899439945817e-05
1176,3.791399649344385e-05
1177,3.7631005397997797e-05
1178,3.7963996874168515e-05
1179,3.794700023718178e-05
1180,3.7865000194869936e-05
1181,3.7851001252420247e-05
1182,3.775100049097091e-05
1183,3.788599860854447e-05
1184,3.768000169657171e-05
1185,3.77730029867962e-05
1186,3.783499414566904e-05
1187,3.778700192924589e-05
1188,3.781000850722194e-05
1189,3.783300053328276e-05
1190,3.7937992601655424e-05
1191,3.782600106205791e-05
1192,3.7851001252420247e-05
1193,3.789100446738303e-05
1194,3.776400990318507e-05
1195,3.7752994103357196e-05
1196,3.776700759772211e-05
1197,3.797499812208116e-05
1198,3.785500302910805e-05
1199,3.784199361689389e-05
1200,3.7973004509694874e-05
1201,3.799299884121865e-05
1202,3.789100446738303e-05
1203,3.7717007216997445e-05
1204,3.7955003790557384e-05
1205,3.79109987989068e-05
1206,3.773199568968266e-05
1207,3.7906997022219e-05
1208,3.781499981414527e-05
1209,3.785098670050502e-05
1210,3.760898835025728e-05
1211,3.780399856623262e-05
1212,3.7757999962195754e-05
1213,3.775999357458204e-05
1214,3.7851990782655776e-05
1215,3.773700154852122e-05
1216,3.7946010706946254e-05
1217,3.794200893025845e-05
1218,3.785500302910805e-05
1219,3.7716992665082216e-05
1220,3.7677004002034664e-05
1221,3.781000850722194e-05
1222,3.788100730162114e-05
1223,3.775599179789424e-05
1224,3.806599124800414e-05
1225,3.781401028390974e-05
1226,3.784999717026949e-05
1227,3.7812002119608223e-05
1228,3.798300167545676e-05
1229,3.7941004848107696e-05
1230,3.782199928537011e-05
1231,3.7869001971557736e-05
1232,3.7933001294732094e-05
1233,3.8008991396054626e-05
1234,3.7915000575594604e-05
1235,3.809700137935579e-05
1236,3.7713005440309644e-05
1237,3.793599898926914e-05
1238,3.787099558394402e-05
1239,3.7946010706946254e-05
1240,3.795200609602034e-05
1241,3.795800148509443e-05
1242,3.789400216192007e-05
1243,3.774098877329379e-05
1244,3.7888006772845984e-05
1245,3.7892008549533784e-05
1246,3.774599463213235e-05
1247,3.788099274970591e-05
1248,3.797600220423192e-05
1249,3.792499774135649e-05
1250,3.7977995816618204e-05
1251,3.808799374382943e-05
1252,3.799700061790645e-05
1253,3.792899951804429e-05
1254,3.794800431933254e-05
1255,3.77810065401718e-05
1256,3.80120036425069e-05
1257,3.7882011383771896e-05
1258,3.7780002458021045e-05
1259,3.782199928537011e-05
1260,3.795600787270814e-05
1261,3.793499490711838e-05
1262,3.788899630308151e-05
1263,3.789000038523227e-05
1264,3.7864010664634407e-05
1265,3.777800884563476e-05
1266,3.7798003177158535e-05
1267,3.800001286435872e-05
1268,3.789500624407083e-05
1269,3.787099558394402e-05
1270,3.7766993045806885e-05
1271,3.78949916921556e-05
1272,3.7874997360631824e-05
1273,3.767399175558239e-05
1274,3.798400575760752e-05
1275,3.790899063460529e-05
1276,3.779199323616922e-05
1277,3.778999962378293e-05
1278,3.8108002627268434e-05
1279,3.790900518652052e-05
1280,3.8031997974030674e-05
1281,3.784599539358169e-05
1282,3.7730991607531905e-05
1283,3.774699871428311e-05
1284,3.788199683185667e-05
1285,3.793500945903361e-05
1286,3.7964011426083744e-05
1287,3.7838006392121315e-05
1288,3.796699456870556e-05
1289,3.781799750868231e-05
1290,3.780599217861891e-05
1291,3.7744990549981594e-05
1292,3.794299846049398e-05
1293,3.8089012377895415e-05
1294,3.802499850280583e-05
1295,3.799299884121865e-05
1296,3.8022000808268785e-05
1297,3.809199552051723e-05
1298,3.7945006624795496e-05
1299,3.810400085058063e-05
1300,3.80200071958825e-05
1301,3.795899101532996e-05
1302,3.7982987123541534e-05
1303,3.800999547820538e-05
1304,3.813600051216781e-05
1305,3.811500209849328e-05
1306,3.792099596466869e-05
1307,3.8134996430017054e-05
1308,3.819199628196657e-05
1309,3.791300696320832e-05
1310,3.833399387076497e-05
1311,3.813700459431857e-05
1312,3.80790006602183e-05
1313,3.7865000194869936e-05
1314,3.808199835475534e-05
1315,3.821199061349034e-05
1316,3.803799336310476e-05
1317,3.823998849838972e-05
1318,3.792600182350725e-05
1319,3.8219994166865945e-05
1320,3.7923993659205735e-05
1321,3.792998904827982e-05
1322,3.808800829574466e-05
1323,3.806399763561785e-05
1324,3.805299638770521e-05
1325,3.7961988709867e-05
1326,3.8045007386244833e-05
1327,5.888800660613924e-05
1328,9.236099140252918e-05
1329,8.073600474745035e-05
1330,4.3620006181299686e-05
1331,0.00010036099411081523
1332,4.9704991397447884e-05
1333,8.867299766279757e-05
1334,6.741000106558204e-05
1335,4.077800258528441e-05
1336,4.0911996620707214e-05
1337,4.098600766155869e-05
1338,4.0175989852286875e-05
1339,4.506000550463796e-05
1340,7.094199827406555e-05
1341,9.141099872067571e-05
1342,6.595499871764332e-05
1343,6.023899186402559e-05
1344,5.0991002353839576e-05
1345,4.589399031829089e-05
1346,4.177501250524074e-05
1347,4.748000355903059e-05
1348,4.6316010411828756e-05
1349,4.7394001740030944e-05
1350,4.378000448923558e-05
1351,4.359699960332364e-05
1352,4.3114006984978914e-05
1353,4.513500607572496e-05
1354,5.4517004173249006e-05
1355,5.513899668585509e-05
1356,4.263999289833009e-05
1357,4.1435996536165476e-05
1358,4.346600326243788e-05
1359,3.976399602834135e-05
1360,3.8932994357310236e-05
1361,3.90250061172992e-05
1362,3.972600097768009e-05
1363,3.9216000004671514e-05
1364,3.9260004996322095e-05
1365,3.8901998777873814e-05
1366,3.89709894079715e-05
1367,3.906500933226198e-05
1368,3.9125996408984065e-05
1369,3.926300269085914e-05
1370,3.9179998566396534e-05
1371,3.8901998777873814e-05
1372,3.8888989365659654e-05
1373,3.9049002225510776e-05
1374,3.907000063918531e-05
1375,3.923100302927196e-05
1376,3.911000385414809e-05
1377,3.906500933226198e-05
1378,3.8914993638172746e-05
1379,3.893500252161175e-05
1380,3.897500573657453e-05
1381,3.89789929613471e-05
1382,3.907800419256091e-05
1383,3.909699444193393e-05
1384,3.9139005821198225e-05
1385,3.900700539816171e-05
1386,3.9179009036161005e-05
1387,3.896100679412484e-05
1388,3.9117003325372934e-05
1389,3.902199387084693e-05
1390,3.906400525011122e-05
1391,3.912700049113482e-05
1392,3.9147998904809356e-05
1393,3.9219987229444087e-05
1394,3.901100717484951e-05
1395,3.904399636667222e-05
1396,3.9129998185671866e-05
1397,3.931199898943305e-05
1398,3.909299266524613e-05
1399,3.9018996176309884e-05
1400,3.898100112564862e-05
1401,3.918999573215842e-05
1402,3.9139995351433754e-05
1403,5.110001075081527e-05
1404,5.6639997637830675e-05
1405,3.808800829574466e-05
1406,3.797598765231669e-05
1407,3.805599408224225e-05
1408,3.780098631978035e-05
1409,3.8223995943553746e-05
1410,3.7977006286382675e-05
1411,3.8124999264255166e-05
1412,3.7959005567245185e-05
1413,3.810599446296692e-05
1414,3.8022000808268785e-05
1415,3.7915000575594604e-05
1416,3.788599860854447e-05
1417,3.8058991776779294e-05
1418,3.807400935329497e-05
1419,3.7991005228832364e-05
1420,3.819398989435285e-05
1421,3.7999998312443495e-05
1422,3.800199192482978e-05
1423,3.7945996155031025e-05
1424,3.7977006286382675e-05
1425,3.8170997868292034e-05
1426,3.801699494943023e-05
1427,3.791300696320832e-05
1428,3.8013007724657655e-05
1429,3.800500417128205e-05
1430,3.8076002965681255e-05
1431,3.8134006899781525e-05
1432,3.7851990782655776e-05
1433,3.7766993045806885e-05
1434,3.7730002077296376e-05
1435,3.785399894695729e-05
1436,3.778300015255809e-05
1437,3.7788006011396646e-05
1438,3.770100011024624e-05
1439,3.789999755099416e-05
1440,3.7941004848107696e-05
1441,3.7681995308957994e-05
1442,3.776399535126984e-05
1443,3.780800034292042e-05
1444,3.782199928537011e-05
1445,3.774798824451864e-05
1446,3.774200740735978e-05
1447,3.758800448849797e-05
1448,3.792899951804429e-05
1449,3.791699418798089e-05
1450,3.779599501285702e-05
1451,3.767799353227019e-05
1452,3.788899630308151e-05
1453,3.788199683185667e-05
1454,3.7828998756594956e-05
1455,3.779600956477225e-05
1456,3.784600994549692e-05
1457,3.795600787270814e-05
1458,3.781799750868231e-05
1459,3.771099727600813e-05
1460,3.788100730162114e-05
1461,3.76980024157092e-05
1462,3.797801036853343e-05
1463,3.797000681515783e-05
1464,3.7967998650856316e-05
1465,3.7968988181091845e-05
1466,3.778300015255809e-05
1467,3.815900709014386e-05
1468,3.7833990063518286e-05
1469,3.7999008782207966e-05
1470,3.781799750868231e-05
1471,3.774599463213235e-05
1472,3.776399535126984e-05
1473,3.785500302910805e-05
1474,3.7820995203219354e-05
1475,3.7873993278481066e-05
1476,3.790399932768196e-05
1477,3.8525002310052514e-05
1478,3.777899837587029e-05
1479,3.7856996641494334e-05
1480,3.7748992326669395e-05
1481,3.7777004763484e-05
1482,3.7901001633144915e-05
1483,3.788899630308151e-05
1484,3.784999717026949e-05
1485,3.776799712795764e-05
1486,3.7788995541632175e-05
1487,5.869600863661617e-05
1488,3.8887999835424125e-05
1489,3.898500290233642e-05
1490,3.92259971704334e-05
1491,5.66829985473305e-05
1492,3.8223995943553746e-05
1493,3.772000491153449e-05
1494,3.7856007111258805e-05
1495,3.798400575760752e-05
1496,3.7959005567245185e-05
1497,3.771499905269593e-05
1498,3.795200609602034e-05
1499,3.7810998037457466e-05
1500,3.780100087169558e-05
1501,3.808400651905686e-05
1502,3.789299807976931e-05
1503,3.7860008887946606e-05
1504,3.800600825343281e-05
1505,3.818598634097725e-05
1506,3.819100675173104e-05
1507,3.7949997931718826e-05
1508,3.800599370151758e-05
1509,3.826200554613024e-05
1510,3.818499681074172e-05
1511,3.832500078715384e-05
1512,3.797699173446745e-05
1513,3.8134996430017054e-05
1514,3.8094003684818745e-05
1515,3.808600013144314e-05
1516,3.805199230555445e-05
1517,3.780800034292042e-05
1518,3.80870042135939e-05
1519,3.807898610830307e-05
1520,3.810900670941919e-05
1521,3.8075988413766026e-05
1522,3.7762001738883555e-05
1523,3.797000681515783e-05
1524,3.813199873548001e-05
1525,3.8273006794042885e-05
1526,3.8125988794490695e-05
1527,3.815899253822863e-05
1528,3.8124999264255166e-05
1529,4.2858999222517014e-05
1530,3.799299884121865e-05
1531,3.8066995330154896e-05
1532,3.773400385398418e-05
1533,3.789500624407083e-05
1534,7.036600436549634e-05
1535,5.2332994528114796e-05
1536,4.103399987798184e-05
1537,4.970599547959864e-05
1538,6.462199962697923e-05
1539,7.326000195462257e-05
1540,5.617499118670821e-05
1541,5.856501229573041e-05
1542,6.911699892953038e-05
1543,5.874699854757637e-05
1544,4.8654997954145074e-05
1545,4.462299693841487e-05
1546,4.71860112156719e-05
1547,4.5684006181545556e-05
1548,3.853700764011592e-05
1549,5.750000127591193e-05
1550,0.00020981499983463436
1551,0.00012161799531895667
1552,0.00014417400234378874
1553,0.00011412000458221883
1554,0.00010825599019881338
1555,0.00010826998914126307
1556,8.104198786895722e-05
1557,0.00010014200233854353
1558,4.73910040454939e-05
1559,3.866100450977683e-05
1560,4.3410007492639124e-05
1561,4.769599763676524e-05
1562,4.0911996620707214e-05
1563,5.251499533187598e-05
1564,4.3853011447936296e-05
1565,6.988600944168866e-05
1566,7.646600715816021e-05
1567,5.3777999710291624e-05
1568,8.825300028547645e-05
1569,0.00011515199730638415
1570,0.00014216599811334163
1571,0.00017750200640875846
1572,5.281199992168695e-05
1573,3.980100154876709e-05
1574,3.8259007851593196e-05
1575,3.846299659926444e-05
1576,3.837799886241555e-05
1577,3.8465994293801486e-05
1578,3.853200178127736e-05
1579,3.854499664157629e-05
1580,3.8309008232317865e-05
1581,3.847399784717709e-05
1582,3.84640006814152e-05
1583,3.8385987863875926e-05
1584,3.8609010516665876e-05
1585,3.848699270747602e-05
1586,3.8282989407889545e-05
1587,3.841599391307682e-05
1588,3.833700611721724e-05
1589,3.8332989788614213e-05
1590,3.855499380733818e-05
1591,3.835700044874102e-05
1592,3.853299131151289e-05
1593,3.832500078715384e-05
1594,3.849400673061609e-05
1595,3.8507001590915024e-05
1596,3.825400199275464e-05
1597,3.840700082946569e-05
1598,3.8386002415791154e-05
1599,3.8466008845716715e-05
1600,3.837198892142624e-05
1601,3.849199856631458e-05
1602,3.850999928545207e-05
1603,3.858200216200203e-05
1604,3.831699723377824e-05
1605,3.850999928545207e-05
1606,3.8295009289868176e-05
1607,3.830299829132855e-05
1608,3.84519953513518e-05
1609,3.870599903166294e-05
1610,3.8336002035066485e-05
1611,3.837401163764298e-05
1612,3.851699875667691e-05
1613,3.863900201395154e-05
1614,3.856199327856302e-05
1615,3.860499418806285e-05
1616,8.154399984050542e-05
1617,5.68249961361289e-05
1618,3.859300340991467e-05
1619,3.87860054615885e-05
1620,3.856899274978787e-05
1621,3.847300831694156e-05
1622,3.870698856189847e-05
1623,3.840499266516417e-05
1624,3.824300074484199e-05
1625,3.856200783047825e-05
1626,3.8336002035066485e-05
1627,3.842799924314022e-05
1628,3.8318001315928996e-05
1629,3.8492013118229806e-05
1630,3.8543003029190004e-05
1631,5.986899486742914e-05
1632,3.950099926441908e-05
1633,7.774199184495956e-05
1634,8.874399645719677e-05
1635,8.789100684225559e-05
1636,4.1705003241077065e-05
1637,3.976101288571954e-05
1638,3.94140079151839e-05
1639,3.886000195052475e-05
1640,5.5836004321463406e-05
1641,3.786200250033289e-05
1642,3.7891993997618556e-05
1643,3.789500624407083e-05
1644,3.7955993320792913e-05
1645,3.787700552493334e-05
1646,3.787101013585925e-05
1647,3.800200647674501e-05
1648,3.785300941672176e-05
1649,3.7963007343932986e-05
1650,3.795199154410511e-05
1651,3.78989934688434e-05
1652,3.7788995541632175e-05
1653,5.8941004681400955e-05
1654,5.93879958614707e-05
1655,4.1077990317717195e-05
1656,3.804800508078188e-05
1657,3.829099296126515e-05
1658,3.797598765231669e-05
1659,3.809099143836647e-05
1660,3.7963007343932986e-05
1661,3.798399120569229e-05
1662,3.7812002119608223e-05
1663,3.7999008782207966e-05
1664,3.8062004023231566e-05
1665,5.911299376748502e-05
1666,5.568598862737417e-05
1667,3.8130005123093724e-05
1668,3.7918012822046876e-05
1669,3.795299562625587e-05
1670,3.8012993172742426e-05
1671,3.827000909950584e-05
1672,3.796500095631927e-05
1673,3.809799090959132e-05
1674,3.805599408224225e-05
1675,3.806300810538232e-05
1676,3.8040991057641804e-05
1677,3.8124999264255166e-05
1678,3.7977995816618204e-05
1679,3.8120997487567365e-05
1680,3.8291007513180375e-05
1681,3.802499850280583e-05
1682,3.796099917963147e-05
1683,3.805500455200672e-05
1684,3.806799941230565e-05
1685,3.8039011997170746e-05
1686,3.8121012039482594e-05
1687,3.812399518210441e-05
1688,3.8044003304094076e-05
1689,3.776300582103431e-05
1690,3.789100446738303e-05
1691,3.809601184912026e-05
1692,3.828099579550326e-05
1693,3.811799979303032e-05
1694,3.802900027949363e-05
1695,3.805599408224225e-05
1696,3.808400651905686e-05
1697,3.8008001865819097e-05
1698,5.928300379309803e-05
1699,5.5683995014987886e-05
1700,3.8090001908130944e-05
1701,3.806500171776861e-05
1702,3.806001041084528e-05
1703,3.80160054191947e-05
1704,3.811100032180548e-05
1705,3.8054000469855964e-05
1706,3.798800753429532e-05
1707,3.7981997593306005e-05
1708,3.80709971068427e-05
1709,3.79659904865548e-05
1710,3.79530101781711e-05
1711,3.8022990338504314e-05
1712,3.815100353676826e-05
1713,3.7730991607531905e-05
1714,3.797801036853343e-05
1715,3.811500209849328e-05
1716,3.80790006602183e-05
1717,3.8170997868292034e-05
1718,3.792499774135649e-05
1719,3.819100675173104e-05
1720,3.8170008338056505e-05
1721,3.806999302469194e-05
1722,3.8084996049292386e-05
1723,3.804200969170779e-05
1724,3.792200004681945e-05
1725,3.805100277531892e-05
1726,3.805299638770521e-05
1727,3.816699609160423e-05
1728,3.81339923478663e-05
1729,3.814000228885561e-05
1730,3.830299829132855e-05
1731,3.7991005228832364e-05
1732,3.8107013097032905e-05
1733,3.803300205618143e-05
1734,3.7784004234708846e-05
1735,3.824000305030495e-05
1736,3.822598955594003e-05
1737,3.821399877779186e-05
1738,3.807000757660717e-05
1739,3.810599446296692e-05
1740,3.822799772024155e-05
1741,3.79029952455312e-05
1742,3.812799695879221e-05
1743,3.818901313934475e-05
1744,3.8170997868292034e-05
1745,3.805200685746968e-05
1746,3.8012993172742426e-05
1747,3.802499850280583e-05
1748,3.82209982490167e-05
1749,3.784098953474313e-05
1750,3.79739940399304e-05
1751,3.8193000364117324e-05
1752,3.8071011658757925e-05
1753,3.809299960266799e-05
1754,3.8390993722714484e-05
1755,3.8134996430017054e-05
1756,3.825299791060388e-05
1757,3.831200592685491e-05
1758,3.811799979303032e-05
1759,3.822300641331822e-05
1760,3.794200893025845e-05
1761,3.8147991290315986e-05
1762,3.805699816439301e-05
1763,3.7896999856457114e-05
1764,3.805500455200672e-05
1765,3.778599784709513e-05
1766,3.788100730162114e-05
1767,3.798099351115525e-05
1768,3.784600994549692e-05
1769,3.8013997254893184e-05
1770,3.7892008549533784e-05
1771,3.7831996451132e-05
1772,3.793000360019505e-05
1773,3.796500095631927e-05
1774,3.812300565186888e-05
1775,3.804299922194332e-05
1776,3.7856996641494334e-05
1777,3.7774996599182487e-05
1778,3.795199154410511e-05
1779,3.7812002119608223e-05
1780,3.7981997593306005e-05
1781,3.780900442507118e-05
1782,3.768400347325951e-05
1783,3.789800393860787e-05
1784,3.790498885791749e-05
1785,3.7977995816618204e-05
1786,3.8017999031580985e-05
1787,3.790498885791749e-05
1788,3.7717007216997445e-05
1789,3.778199607040733e-05
1790,3.8017999031580985e-05
1791,3.796099917963147e-05
1792,3.790899063460529e-05
1793,3.795200609602034e-05
1794,3.7887002690695226e-05
1795,3.788099274970591e-05
1796,3.784900764003396e-05
1797,3.803799336310476e-05
1798,3.812300565186888e-05
1799,3.7776000681333244e-05
1800,3.796500095631927e-05
1801,3.780399856623262e-05
1802,3.774599463213235e-05
1803,5.9507001424208283e-05
1804,3.9032005588524044e-05
1805,5.582599260378629e-05
1806,3.775600634980947e-05
1807,3.7915000575594604e-05
1808,3.796500095631927e-05
1809,3.7896999856457114e-05
1810,3.790800110436976e-05
1811,3.78949916921556e-05
1812,3.787799505516887e-05
1813,3.7959005567245185e-05
1814,3.7766003515571356e-05
1815,3.792700590565801e-05
1816,3.794299846049398e-05
1817,3.775200457312167e-05
1818,3.7995007005520165e-05
1819,3.8090001908130944e-05
1820,3.8169993786141276e-05
1821,3.802099672611803e-05
1822,3.806600579991937e-05
1823,3.801699494943023e-05
1824,3.806900349445641e-05
1825,3.81540012313053e-05
1826,3.813600051216781e-05
1827,3.813201328739524e-05
1828,3.816701064351946e-05
1829,3.796699456870556e-05
1830,3.828499757219106e-05
1831,3.810100315604359e-05
1832,3.818199911620468e-05
1833,3.8030993891879916e-05
1834,3.823499719146639e-05
1835,3.799301339313388e-05
1836,3.824499435722828e-05
1837,3.795800148509443e-05
1838,3.790600749198347e-05
1839,3.794899384956807e-05
1840,3.763499262277037e-05
1841,3.790600749198347e-05
1842,3.7730002077296376e-05
1843,3.7833990063518286e-05
1844,3.7831996451132e-05
1845,5.9169004089199007e-05
1846,3.922299947589636e-05
1847,4.126799467485398e-05
1848,3.958400338888168e-05
1849,3.959400055464357e-05
1850,0.00016211900219786912
1851,9.252499148715287e-05
1852,4.2979998397640884e-05
1853,0.00010384200140833855
1854,0.00010727699554990977
1855,8.418700599577278e-05
1856,4.790601087734103e-05
1857,5.3504991228692234e-05
1858,4.5060995034873486e-05
1859,5.10929967276752e-05
1860,4.133100446779281e-05
1861,4.0170009015128016e-05
1862,4.0539001929573715e-05
1863,3.9502992876805365e-05
1864,4.497800546232611e-05
1865,4.326000635046512e-05
1866,4.581701068673283e-05
1867,3.88449989259243e-05
1868,3.9107006159611046e-05
1869,3.884699253831059e-05
1870,3.8986006984487176e-05
1871,3.875099355354905e-05
1872,3.867500345222652e-05
1873,3.902599564753473e-05
1874,3.864700556732714e-05
1875,3.908699727617204e-05
1876,3.885399200953543e-05
1877,3.880400618072599e-05
1878,3.859300340991467e-05
1879,3.895799454767257e-05
1880,3.890700463671237e-05
1881,3.8686994230374694e-05
1882,3.9063001167960465e-05
1883,3.8821002817712724e-05
1884,3.866900806315243e-05
1885,3.874099638778716e-05
1886,3.88530024792999e-05
1887,3.8932004827074707e-05
1888,3.8771002436988056e-05
1889,3.892500535584986e-05
1890,5.4364994866773486e-05
1891,5.246899672783911e-05
1892,4.909200652036816e-05
1893,5.457099177874625e-05
1894,6.92229950800538e-05
1895,5.598299321718514e-05
1896,7.785001071169972e-05
1897,5.8057004935108125e-05
1898,6.107699300628155e-05
1899,5.156699626240879e-05
1900,9.432500519324094e-05
1901,7.467401155736297e-05
1902,4.857500607613474e-05
1903,4.415700095705688e-05
1904,5.746199167333543e-05
1905,3.884600300807506e-05
1906,3.8233003579080105e-05
1907,3.775900404434651e-05
1908,3.792700590565801e-05
1909,3.8108002627268434e-05
1910,3.7663005059584975e-05
1911,3.782199928537011e-05
1912,3.774100332520902e-05
1913,3.7883000914007425e-05
1914,3.7951002013869584e-05
1915,3.79570119548589e-05
1916,3.7945006624795496e-05
1917,3.790399932768196e-05
1918,3.772499621845782e-05
1919,3.773199568968266e-05
1920,3.795399970840663e-05
1921,3.787799505516887e-05
1922,3.7946010706946254e-05
1923,3.789500624407083e-05
1924,3.774299693759531e-05
1925,3.803400613833219e-05
1926,3.779199323616922e-05
1927,3.81620047846809e-05
1928,3.780199040193111e-05
1929,3.7860008887946606e-05
1930,3.785399894695729e-05
1931,3.782100975513458e-05
1932,3.788199683185667e-05
1933,3.775900404434651e-05
1934,3.80120036425069e-05
1935,3.790800110436976e-05
1936,3.783799184020609e-05
1937,3.773299977183342e-05
1938,3.7927995435893536e-05
1939,3.7933001294732094e-05
1940,3.799700061790645e-05
1941,3.803400613833219e-05
1942,3.785300941672176e-05
1943,3.798899706453085e-05
1944,3.805599408224225e-05
1945,3.787598689086735e-05
1946,3.777400706894696e-05
1947,3.786699380725622e-05
1948,3.805500455200672e-05
1949,3.7959005567245185e-05
1950,3.8040991057641804e-05
1951,3.7937003071419895e-05
1952,3.800200647674501e-05
1953,3.785500302910805e-05
1954,3.788499452639371e-05
1955,3.805199230555445e-05
1956,3.793599898926914e-05
1957,3.7955993320792913e-05
1958,3.799899423029274e-05
1959,3.824000305030495e-05
1960,3.826199099421501e-05
1961,3.806799941230565e-05
1962,3.8035010220482945e-05
1963,3.8054000469855964e-05
1964,3.8134996430017054e-05
1965,3.8058002246543765e-05
1966,3.8017999031580985e-05
1967,3.805100277531892e-05
1968,3.7959005567245185e-05
1969,3.7860008887946606e-05
1970,3.799000114668161e-05
1971,3.787600144278258e-05
1972,3.781299164984375e-05
1973,3.775898949243128e-05
1974,3.8013997254893184e-05
1975,3.797000681515783e-05
1976,3.792099596466869e-05
1977,3.7945006624795496e-05
1978,3.812900104094297e-05
1979,3.788000321947038e-05
1980,3.801500133704394e-05
1981,3.80709971068427e-05
1982,3.787799505516887e-05
1983,3.7937003071419895e-05
1984,3.8018988561816514e-05
1985,3.801999264396727e-05
1986,3.7860998418182135e-05
1987,3.7949997931718826e-05
1988,3.7842997699044645e-05
1989,3.7963996874168515e-05
1990,3.777799429371953e-05
1991,3.7910009268671274e-05
1992,5.9209996834397316e-05
1993,7.661200652364641e-05
1994,5.565499304793775e-05
1995,3.893199027515948e-05
1996,3.8277998100966215e-05
1997,3.825798921752721e-05
1998,3.905199992004782e-05
1999,3.914600529242307e-05
2000,5.300399789121002e-05
2001,3.917700087185949e-05
2002,3.9270002162083983e-05
2003,3.815999662037939e-05
2004,3.809700137935579e-05
2005,3.7762991269119084e-05
2006,3.7812002119608223e-05
2007,3.778999962378293e-05
2008,3.796200326178223e-05
2009,3.7887002690695226e-05
2010,3.774199285544455e-05
2011,3.7937992601655424e-05
2012,3.7762001738883555e-05
2013,3.781900159083307e-05
2014,3.765300789382309e-05
2015,3.7776000681333244e-05
2016,3.7955993320792913e-05
2017,3.7698991945944726e-05
2018,3.7933001294732094e-05
2019,3.7896999856457114e-05
2020,3.7748002796433866e-05
2021,3.765799920074642e-05
2022,3.772400668822229e-05
2023,3.781699342653155e-05
2024,3.778300015255809e-05
2025,3.770900366362184e-05
2026,3.7883990444242954e-05
2027,3.780300903599709e-05
2028,3.7945006624795496e-05
2029,3.771101182792336e-05
2030,3.7703997804783285e-05
2031,3.775999357458204e-05
2032,3.792700590565801e-05
2033,3.7909994716756046e-05
2034,3.801001003012061e-05
2035,3.776799712795764e-05
2036,3.7825011531822383e-05
2037,3.7851990782655776e-05
2038,3.775898949243128e-05
2039,3.799799014814198e-05
2040,3.7949997931718826e-05
2041,3.7852005334571004e-05
2042,3.770299372263253e-05
2043,3.77649994334206e-05
2044,3.79490084014833e-05
2045,3.7964011426083744e-05
2046,3.7896999856457114e-05
2047,3.7985999369993806e-05
2048,3.7812002119608223e-05
2049,3.787699097301811e-05
2050,3.786799788940698e-05
2051,3.812400973401964e-05
2052,3.8277998100966215e-05
2053,3.797600220423192e-05
2054,7.629800529684871e-05
2055,3.883999306708574e-05
2056,3.821200516540557e-05
2057,3.801099956035614e-05
2058,3.810900670941919e-05
2059,3.813600051216781e-05
2060,3.8035999750718474e-05
2061,3.820999700110406e-05
2062,9.817299724090844e-05
2063,8.120799611788243e-05
2064,4.3123000068590045e-05
2065,7.85329903010279e-05
2066,7.38079979782924e-05
2067,5.270399560686201e-05
2068,7.853200077079237e-05
2069,6.52490125503391e-05
2070,6.345599831547588e-05
2071,4.1288003558292985e-05
2072,6.082199979573488e-05
2073,8.857100328896195e-05
2074,7.248600013554096e-05
2075,6.799200491514057e-05
2076,4.24250029027462e-05
2077,4.838198947254568e-05
2078,7.02869874658063e-05
2079,4.9277005018666387e-05
2080,4.620698746293783e-05
2081,4.2225001379847527e-05
2082,8.28240008559078e-05
2083,5.2996998419985175e-05
2084,4.744500620290637e-05
2085,4.1884995880536735e-05
2086,4.132100730203092e-05
2087,4.225999873597175e-05
2088,4.390499088913202e-05
2089,5.054600478615612e-05
2090,5.024600250180811e-05
2091,4.226400051265955e-05
2092,3.983199712820351e-05
2093,3.949599340558052e-05
2094,3.907400241587311e-05
2095,3.950399695895612e-05
2096,3.901100717484951e-05
2097,3.8924990803934634e-05
2098,3.891300002578646e-05
2099,3.882800228893757e-05
2100,3.8887999835424125e-05
2101,3.89709894079715e-05
2102,3.873799869325012e-05
2103,3.8936996133998036e-05
2104,3.889900108333677e-05
2105,3.906599886249751e-05
2106,3.901901072822511e-05
2107,3.88530024792999e-05
2108,3.880000440403819e-05
2109,3.88449989259243e-05
2110,3.8843005313538015e-05
2111,3.888100036419928e-05
2112,3.878299321513623e-05
2113,3.886000195052475e-05
2114,3.886799095198512e-05
2115,3.8789003156125546e-05
2116,3.8906000554561615e-05
2117,3.881799057126045e-05
2118,3.902800381183624e-05
2119,3.904300683643669e-05
2120,3.912899410352111e-05
2121,3.8857004255987704e-05
2122,3.899500006809831e-05
2123,3.921300231013447e-05
2124,3.91549983760342e-05
2125,3.901499439962208e-05
2126,3.914200351573527e-05
2127,3.906499478034675e-05
2128,3.900199953932315e-05
2129,3.913299588020891e-05
2130,3.919200389645994e-05
2131,3.898399882018566e-05
2132,3.897999704349786e-05
2133,3.9220001781359315e-05
2134,3.8968995795585215e-05
2135,3.893500252161175e-05
2136,3.866599581670016e-05
2137,3.898100112564862e-05
2138,3.8977988879196346e-05
2139,3.893600660376251e-05
2140,3.903800097759813e-05
2141,3.873898822348565e-05
2142,3.893599205184728e-05
2143,3.872999513987452e-05
2144,3.88959888368845e-05
2145,3.87860054615885e-05
2146,3.889900108333677e-05
2147,3.885501064360142e-05
2148,3.9013990317471325e-05
2149,3.880599979311228e-05
2150,3.893399843946099e-05
2151,3.880800795741379e-05
2152,3.876000118907541e-05
2153,3.888500214088708e-05
2154,3.890700463671237e-05
2155,3.883600584231317e-05
2156,3.895300324074924e-05
2157,3.899500006809831e-05
2158,3.893399843946099e-05
2159,3.8779995520599186e-05
2160,3.8753001717850566e-05
2161,3.8767000660300255e-05
2162,3.890499647241086e-05
2163,3.877899143844843e-05
2164,3.889900108333677e-05
2165,3.895300324074924e-05
2166,3.877900599036366e-05
2167,3.893001121468842e-05
2168,3.911599924322218e-05
2169,3.911399107892066e-05
2170,3.899799776263535e-05
2171,3.8829995901323855e-05
2172,3.9129998185671866e-05
2173,3.8875004975125194e-05
2174,3.905998892150819e-05
2175,3.9000005926936865e-05
2176,3.8869999116286635e-05
2177,3.9095000829547644e-05
2178,3.989100514445454e-05
2179,3.9103004382923245e-05
2180,3.903001197613776e-05
2181,3.9018996176309884e-05
2182,3.932000254280865e-05
2183,3.9117003325372934e-05
2184,3.9107006159611046e-05
2185,3.9278995245695114e-05
2186,3.8950005546212196e-05
2187,3.921000461559743e-05
2188,3.9125996408984065e-05
2189,3.901500895153731e-05
2190,3.9031991036608815e-05
2191,3.920799645129591e-05
2192,3.9049002225510776e-05
2193,3.91469948226586e-05
2194,3.914600529242307e-05
2195,3.906000347342342e-05
2196,3.9081991417333484e-05
2197,3.905099583789706e-05
2198,3.9170001400634646e-05
2199,3.91670037060976e-05
2200,3.893199027515948e-05
2201,3.90799978049472e-05
2202,3.9013990317471325e-05
2203,3.909299266524613e-05
2204,3.888600622303784e-05
2205,3.913699765689671e-05
2206,3.8950005546212196e-05
2207,3.918299626093358e-05
2208,3.913100226782262e-05
2209,3.9129998185671866e-05
2210,3.881000156980008e-05
2211,3.8793004932813346e-05
2212,3.903299511875957e-05
2213,3.881299926433712e-05
2214,3.891601227223873e-05
2215,3.9139995351433754e-05
2216,3.9063001167960465e-05
2217,3.907299833372235e-05
2218,3.915200068149716e-05
2219,3.9049002225510776e-05
2220,3.895199915859848e-05
2221,3.918600850738585e-05
2222,3.9022997952997684e-05
2223,3.911901148967445e-05
2224,3.895298868883401e-05
2225,3.927799116354436e-05
2226,3.9067002944648266e-05
2227,3.922799078281969e-05
2228,3.902499156538397e-05
2229,3.912900865543634e-05
2230,3.892999666277319e-05
2231,3.910099621862173e-05
2232,3.9251011912710965e-05
2233,3.914500121027231e-05
2234,3.913600812666118e-05
2235,3.9004007703624666e-05
2236,3.9323000237345695e-05
2237,3.923200711142272e-05
2238,3.898500290233642e-05
2239,3.914600529242307e-05
2240,3.9098988054320216e-05
2241,3.907100472133607e-05
2242,3.905499761458486e-05
2243,3.902000025846064e-05
2244,3.898399882018566e-05
2245,3.9175007259473205e-05
2246,3.8946993299759924e-05
2247,3.915200068149716e-05
2248,3.889799700118601e-05
2249,3.893199027515948e-05
2250,3.900700539816171e-05
2251,3.890998777933419e-05
2252,3.9040998672135174e-05
2253,3.897400165442377e-05
2254,3.9004997233860195e-05
2255,4.010299744550139e-05
2256,3.950101381633431e-05
2257,4.56870038760826e-05
2258,3.961299080401659e-05
2259,3.8893005694262683e-05
2260,3.885000478476286e-05
2261,3.891700180247426e-05
2262,3.885399200953543e-05
2263,3.8914993638172746e-05
2264,3.887199272867292e-05
2265,3.890300286002457e-05
2266,3.8910991861484945e-05
2267,3.8825004594400525e-05
2268,3.890899824909866e-05
2269,3.898899012710899e-05
2270,3.887699858751148e-05
2271,3.891300002578646e-05
2272,3.905199992004782e-05
2273,3.895799454767257e-05
2274,3.896099224220961e-05
2275,3.8865997339598835e-05
2276,3.9040998672135174e-05
2277,3.8847996620461345e-05
2278,3.8875004975125194e-05
2279,3.878299321513623e-05
2280,3.8928992580622435e-05
2281,3.8860991480760276e-05
2282,3.9008999010547996e-05
2283,3.9159000152722e-05
2284,3.913699765689671e-05
2285,4.173899651505053e-05
2286,4.776900459546596e-05
2287,5.010899621993303e-05
2288,4.136700590606779e-05
2289,4.9691007006913424e-05
2290,5.209200026001781e-05
2291,5.391400191001594e-05
2292,4.871199780609459e-05
2293,4.470300336834043e-05
2294,4.4038009946234524e-05
2295,5.5748998420313e-05
2296,4.0920000174082816e-05
2297,4.140200326219201e-05
2298,4.051800351589918e-05
2299,4.476799222175032e-05
2300,4.24169993493706e-05
2301,4.27979975938797e-05
2302,8.923999848775566e-05
2303,0.00016297498950734735
2304,0.00012410999624989927
2305,0.0001136920036515221
2306,0.0001335099950665608
2307,0.00014378700871020555
2308,0.00019491299462970346
2309,7.00270029483363e-05
2310,9.264900290872902e-05
2311,6.510899402201176e-05
2312,3.8384998333640397e-05
2313,4.377099685370922e-05
2314,4.4002998038195074e-05
2315,4.673500370699912e-05
2316,5.522900028154254e-05
2317,6.758200470358133e-05
2318,5.9384998166933656e-05
2319,4.646601155400276e-05
2320,5.117300315760076e-05
2321,6.00320054218173e-05
2322,0.00010356999700888991
2323,0.00011829700088128448
2324,0.00022996601182967424
2325,6.400099664460868e-05
2326,4.3670006562024355e-05
2327,3.915400884579867e-05
2328,3.87699983548373e-05
2329,3.8525002310052514e-05
2330,3.890998777933419e-05
2331,3.867399937007576e-05
2332,3.865199687425047e-05
2333,3.860700235236436e-05
2334,3.867900522891432e-05
2335,3.882400051224977e-05
2336,3.882800228893757e-05
2337,3.860399010591209e-05
2338,3.881099110003561e-05
2339,3.881800512317568e-05
2340,7.743200694676489e-05
2341,3.8950995076447725e-05
2342,3.879099676851183e-05
2343,3.872399975080043e-05
2344,3.8537997170351446e-05
2345,3.887200728058815e-05
2346,5.592800152953714e-05
2347,5.66200033063069e-05
2348,3.862699668388814e-05
2349,3.8587997551076114e-05
2350,3.894999099429697e-05
2351,3.887200728058815e-05
2352,3.851800283882767e-05
2353,3.8694997783750296e-05
2354,3.888100036419928e-05
2355,3.880199801642448e-05
2356,3.8565005525015295e-05
2357,3.8596001104451716e-05
2358,3.876398841384798e-05
2359,3.864300379063934e-05
2360,3.880000440403819e-05
2361,3.891700180247426e-05
2362,3.887699858751148e-05
2363,3.8968995795585215e-05
2364,3.886700142174959e-05
2365,3.874300455208868e-05
2366,3.864499740302563e-05
2367,3.88449989259243e-05
2368,3.847300831694156e-05
2369,3.842500154860318e-05
2370,3.829899651464075e-05
2371,3.849199856631458e-05
2372,3.840499266516417e-05
2373,3.8380996556952596e-05
2374,3.861301229335368e-05
2375,3.847898915410042e-05
2376,3.8541998947039247e-05
2377,3.86019964935258e-05
2378,3.846301115117967e-05
2379,3.8519996451213956e-05
2380,3.8295998820103705e-05
2381,3.8215002859942615e-05
2382,3.8501995732076466e-05
2383,3.837099939119071e-05
2384,3.818199911620468e-05
2385,3.843399463221431e-05
2386,3.860899596475065e-05
2387,3.842001024167985e-05
2388,3.855000250041485e-05
2389,3.863799793180078e-05
2390,3.831999492831528e-05
2391,3.8363010389730334e-05
2392,3.859099524561316e-05
2393,3.8541998947039247e-05
2394,3.867800114676356e-05
2395,3.8640995626337826e-05
2396,3.866199404001236e-05
2397,3.841999568976462e-05
2398,3.8404003134928644e-05
2399,3.842500154860318e-05
2400,3.8519996451213956e-05
2401,3.8533005863428116e-05
2402,3.851600922644138e-05
2403,3.8465994293801486e-05
2404,3.85109888156876e-05
2405,3.8372993003576994e-05
2406,3.8654994568787515e-05
2407,3.835599636659026e-05
2408,3.872599336318672e-05
2409,3.825800376944244e-05
2410,3.849499626085162e-05
2411,3.838699194602668e-05
2412,3.849499626085162e-05
2413,3.8641999708488584e-05
2414,3.858699346892536e-05
2415,3.8277998100966215e-05
2416,3.840700082946569e-05
2417,3.854998794849962e-05
2418,3.856199327856302e-05
2419,3.841800207737833e-05
2420,3.862999437842518e-05
2421,3.867300983984023e-05
2422,3.875000402331352e-05
2423,3.856400144286454e-05
2424,3.873900277540088e-05
2425,3.8798010791651905e-05
2426,3.8936996133998036e-05
2427,3.883799945469946e-05
2428,3.873399691656232e-05
2429,3.8775004213675857e-05
2430,3.879600262735039e-05
2431,3.872899105772376e-05
2432,3.863399615511298e-05
2433,3.8610989577136934e-05
2434,3.885899786837399e-05
2435,3.888098581228405e-05
2436,3.8785001379437745e-05
2437,3.8686004700139165e-05
2438,3.8686004700139165e-05
2439,3.882400051224977e-05
2440,3.845000173896551e-05
2441,3.8506012060679495e-05
2442,3.8497004425153136e-05
2443,3.851299697998911e-05
2444,3.8522994145751e-05
2445,3.8398007745854557e-05
2446,3.836199175566435e-05
2447,3.860300057567656e-05
2448,3.8609010516665876e-05
2449,3.843799640890211e-05
2450,3.831200592685491e-05
2451,3.859998832922429e-05
2452,3.864499740302563e-05
2453,3.854899841826409e-05
2454,3.841098805423826e-05
2455,3.849501081276685e-05
2456,5.983099981676787e-05
2457,5.634900298900902e-05
2458,3.8425991078838706e-05
2459,3.836200630757958e-05
2460,3.8515994674526155e-05
2461,3.8402999052777886e-05
2462,3.861299774143845e-05
2463,3.841800207737833e-05
2464,3.845900937449187e-05
2465,3.861800360027701e-05
2466,3.855000250041485e-05
2467,3.8372993003576994e-05
2468,3.8600992411375046e-05
2469,3.842500154860318e-05
2470,3.849199856631458e-05
2471,3.8444006349891424e-05
2472,3.829099296126515e-05
2473,3.847399784717709e-05
2474,3.8525002310052514e-05
2475,3.831199137493968e-05
2476,3.836999530903995e-05
2477,3.8484999095089734e-05
2478,3.843600279651582e-05
2479,3.8547994336113334e-05
2480,3.836599353235215e-05
2481,3.8497993955388665e-05
2482,3.859499702230096e-05
2483,3.8579004467464983e-05
2484,3.8497004425153136e-05
2485,3.844298771582544e-05
2486,3.841400030069053e-05
2487,3.846100298687816e-05
2488,3.8354002754203975e-05
2489,3.8515994674526155e-05
2490,3.849600034300238e-05
2491,3.8664002204313874e-05
2492,3.841899160761386e-05
2493,3.8420999771915376e-05
2494,3.8468002458103e-05
2495,3.856199327856302e-05
2496,3.858200216200203e-05
2497,3.851699875667691e-05
2498,3.842699516098946e-05
2499,3.8398007745854557e-05
2500,3.8507001590915024e-05
2501,3.85149905923754e-05
2502,3.8587997551076114e-05
2503,3.8736005080863833e-05
2504,3.8559999666176736e-05
2505,3.859000571537763e-05
2506,3.824800660368055e-05
2507,3.8565005525015295e-05
2508,3.8457001210190356e-05
2509,3.853699308820069e-05
2510,3.8380996556952596e-05
2511,3.842799924314022e-05
2512,3.8533005863428116e-05
2513,3.851200744975358e-05
2514,3.8591999327763915e-05
2515,3.841899160761386e-05
2516,3.8537997170351446e-05
2517,3.8295009289868176e-05
2518,3.8529004086740315e-05
2519,3.848099731840193e-05
2520,3.844499588012695e-05
2521,3.853400994557887e-05
2522,3.870100772473961e-05
2523,3.85309976991266e-05
2524,3.857100091408938e-05
2525,3.822600410785526e-05
2526,3.831500362139195e-05
2527,3.836399991996586e-05
2528,3.8421989302150905e-05
2529,3.846299659926444e-05
2530,3.8591999327763915e-05
2531,3.849501081276685e-05
2532,3.8412996218539774e-05
2533,3.873299283441156e-05
2534,7.546099368482828e-05
2535,5.697899905499071e-05
2536,3.8551006582565606e-05
2537,3.833099617622793e-05
2538,3.840700082946569e-05
2539,3.8498008507303894e-05
2540,3.8408994441851974e-05
2541,3.874600224662572e-05
2542,3.859998832922429e-05
2543,3.829700290225446e-05
2544,3.835398820228875e-05
2545,3.834199742414057e-05
2546,3.843600279651582e-05
2547,3.8636993849650025e-05
2548,3.8372993003576994e-05
2549,3.8457001210190356e-05
2550,3.8543003029190004e-05
2551,3.854000533465296e-05
2552,3.842001024167985e-05
2553,3.8385987863875926e-05
2554,3.831100184470415e-05
2555,3.880698932334781e-05
2556,3.843699232675135e-05
2557,3.841800207737833e-05
2558,3.8484009564854205e-05
2559,5.919000250287354e-05
2560,3.96699906559661e-05
2561,3.97080002585426e-05
2562,3.979601024184376e-05
2563,8.384799002669752e-05
2564,4.853999416809529e-05
2565,4.082200757693499e-05
2566,5.719700129702687e-05
2567,3.8654005038551986e-05
2568,3.863401070702821e-05
2569,3.8326994399540126e-05
2570,3.8596001104451716e-05
2571,3.867900522891432e-05
2572,3.8609010516665876e-05
2573,3.8623009459115565e-05
2574,3.867600753437728e-05
2575,3.862900484818965e-05
2576,3.868799831252545e-05
2577,3.86440078727901e-05
2578,3.855700197163969e-05
2579,3.8664002204313874e-05
2580,3.845000173896551e-05
2581,3.8537997170351446e-05
2582,3.868099884130061e-05
2583,3.83890001103282e-05
2584,3.8610000046901405e-05
2585,3.874700632877648e-05
2586,3.8465994293801486e-05
2587,3.874699177686125e-05
2588,3.872999513987452e-05
2589,3.880698932334781e-05
2590,3.862699668388814e-05
2591,3.856199327856302e-05
2592,3.860601282212883e-05
2593,3.850400389637798e-05
2594,3.862600715365261e-05
2595,3.8555008359253407e-05
2596,3.875298716593534e-05
2597,3.850400389637798e-05
2598,3.855700197163969e-05
2599,3.869799547828734e-05
2600,3.8627011235803366e-05
2601,3.8591999327763915e-05
2602,3.881800512317568e-05
2603,3.852399822790176e-05
2604,3.862498851958662e-05
2605,3.854901297017932e-05
2606,3.871400258503854e-05
2607,3.8407990359701216e-05
2608,3.8547994336113334e-05
2609,3.87030013371259e-05
2610,3.838700649794191e-05
2611,3.8672995287925005e-05
2612,3.8610000046901405e-05
2613,3.8605998270213604e-05
2614,3.8632002542726696e-05
2615,3.867900522891432e-05
2616,3.888001083396375e-05
2617,3.854899841826409e-05
2618,3.868799831252545e-05
2619,3.8685990148223937e-05
2620,3.8690996007062495e-05
2621,5.966098979115486e-05
2622,3.958599700126797e-05
2623,3.9951992221176624e-05
2624,4.43219905719161e-05
2625,5.72560093132779e-05
2626,3.906499478034675e-05
2627,3.846100298687816e-05
2628,3.860300057567656e-05
2629,3.8811005651950836e-05
2630,3.854501119349152e-05
2631,3.854099486488849e-05
2632,3.831599315162748e-05
2633,3.833700611721724e-05
2634,3.859300340991467e-05
2635,3.827699401881546e-05
2636,3.8502999814227223e-05
2637,3.809299960266799e-05
2638,7.59230024414137e-05
2639,3.8425991078838706e-05
2640,3.8277998100966215e-05
2641,3.841999568976462e-05
2642,3.8507001590915024e-05
2643,3.85349994758144e-05
2644,3.846900654025376e-05
2645,3.8304991903714836e-05
2646,3.8386002415791154e-05
2647,3.8420999771915376e-05
2648,3.8422003854066133e-05
2649,3.837099939119071e-05
2650,3.8165002479217947e-05
2651,3.838399425148964e-05
2652,3.8309997762553394e-05
2653,3.835100505966693e-05
2654,3.843600279651582e-05
2655,3.8489990402013063e-05
2656,3.831200592685491e-05
2657,3.838400880340487e-05
2658,3.854899841826409e-05
2659,3.838700649794191e-05
2660,3.8417012547142804e-05
2661,3.861699951812625e-05
2662,3.857299452647567e-05
2663,3.859300340991467e-05
2664,3.861599543597549e-05
2665,3.8501995732076466e-05
2666,3.8811995182186365e-05
2667,3.855000250041485e-05
2668,5.9251004131510854e-05
2669,4.7021007048897445e-05
2670,5.4485994041897357e-05
2671,5.018099909648299e-05
2672,4.1705992771312594e-05
2673,6.663199746981263e-05
2674,5.396400229074061e-05
2675,9.995800792239606e-05
2676,7.860400364734232e-05
2677,7.727199408691376e-05
2678,6.516500434372574e-05
2679,7.005600491538644e-05
2680,7.378500595223159e-05
2681,6.408900662790984e-05
2682,7.329200161620975e-05
2683,5.0004004151560366e-05
2684,5.8421006542630494e-05
2685,3.869699139613658e-05
2686,3.8138998206704855e-05
2687,3.8035010220482945e-05
2688,3.8161000702530146e-05
2689,3.8108002627268434e-05
2690,3.8116006180644035e-05
2691,3.805200685746968e-05
2692,3.801999264396727e-05
2693,3.8116006180644035e-05
2694,3.7986988900229335e-05
2695,3.8174010114744306e-05
2696,3.7762001738883555e-05
2697,3.7748992326669395e-05
2698,3.78949916921556e-05
2699,3.7945996155031025e-05
2700,3.7794001400470734e-05
2701,3.8102007238194346e-05
2702,3.794899384956807e-05
2703,3.809201007243246e-05
2704,3.799800470005721e-05
2705,3.7995007005520165e-05
2706,3.8080994272604585e-05
2707,3.7915000575594604e-05
2708,3.789500624407083e-05
2709,3.784899308811873e-05
2710,3.785900480579585e-05
2711,3.7878999137319624e-05
2712,3.792499774135649e-05
2713,3.7887002690695226e-05
2714,3.7770994822494686e-05
2715,3.773899516090751e-05
2716,3.788599860854447e-05
2717,3.805098822340369e-05
2718,3.786699380725622e-05
2719,3.7788995541632175e-05
2720,5.950400372967124e-05
2721,6.454599497374147e-05
2722,3.911599924322218e-05
2723,3.9099992136470973e-05
2724,3.867500345222652e-05
2725,3.789400216192007e-05
2726,3.779599501285702e-05
2727,3.7794001400470734e-05
2728,3.7896999856457114e-05
2729,3.7816003896296024e-05
2730,3.804299922194332e-05
2731,3.7906997022219e-05
2732,3.786600427702069e-05
2733,3.7806006730534136e-05
2734,3.774999640882015e-05
2735,3.800699778366834e-05
2736,3.811100032180548e-05
2737,3.7991005228832364e-05
2738,3.7905992940068245e-05
2739,3.7905003409832716e-05
2740,3.7905003409832716e-05
2741,3.8013997254893184e-05
2742,3.7864010664634407e-05
2743,3.78400000045076e-05
2744,3.781900159083307e-05
2745,3.7810998037457466e-05
2746,3.801900311373174e-05
2747,3.7788995541632175e-05
2748,3.793400537688285e-05
2749,3.7774996599182487e-05
2750,3.8022000808268785e-05
2751,3.7937992601655424e-05
2752,3.8062004023231566e-05
2753,3.818199911620468e-05
2754,3.802099672611803e-05
2755,3.827200271189213e-05
2756,3.80910059902817e-05
2757,3.8174999644979835e-05
2758,3.797899989876896e-05
2759,3.8058991776779294e-05
2760,3.821800055447966e-05
2761,3.815500531345606e-05
2762,3.814899537246674e-05
2763,3.803800791501999e-05
2764,3.8088997825980186e-05
2765,3.7883000914007425e-05
2766,3.805200685746968e-05
2767,3.813099465332925e-05
2768,7.623499550390989e-05
2769,5.639900336973369e-05
2770,3.825000021606684e-05
2771,3.8277008570730686e-05
2772,3.815900709014386e-05
2773,3.8295009289868176e-05
2774,3.799398837145418e-05
2775,3.807400935329497e-05
2776,3.800301055889577e-05
2777,3.804999869316816e-05
2778,3.821199061349034e-05
2779,3.840999852400273e-05
2780,3.78949916921556e-05
2781,3.987799573224038e-05
2782,3.864399332087487e-05
2783,3.8008991396054626e-05
2784,3.79659904865548e-05
2785,3.805600863415748e-05
2786,3.8088997825980186e-05
2787,3.816399839706719e-05
2788,3.8022000808268785e-05
2789,3.805200685746968e-05
2790,3.817700780928135e-05
2791,3.797998942900449e-05
2792,4.1073988541029394e-05
2793,3.790401387959719e-05
2794,3.805600863415748e-05
2795,3.8193000364117324e-05
2796,3.811001079156995e-05
2797,3.8277998100966215e-05
2798,3.8233993109315634e-05
2799,3.80830024369061e-05
2800,3.7919002352282405e-05
2801,3.8138998206704855e-05
2802,3.8932004827074707e-05
2803,3.8206009776331484e-05
2804,3.812399518210441e-05
2805,3.800500417128205e-05
2806,3.8134006899781525e-05
2807,3.801900311373174e-05
2808,3.8259997381828725e-05
2809,3.799199475906789e-05
2810,3.801500133704394e-05
2811,3.8165992009453475e-05
2812,3.8502999814227223e-05
2813,3.8875004975125194e-05
2814,3.811599162872881e-05
2815,3.819199628196657e-05
2816,3.799398837145418e-05
2817,3.826599277090281e-05
2818,3.8088997825980186e-05
2819,3.8062993553467095e-05
2820,3.822799772024155e-05
2821,3.80790006602183e-05
2822,3.82169964723289e-05
2823,3.882199234794825e-05
2824,3.823899896815419e-05
2825,3.829899651464075e-05
2826,3.848300548270345e-05
2827,3.7964011426083744e-05
2828,3.844298771582544e-05
2829,3.820800338871777e-05
2830,3.831699723377824e-05
2831,3.8004000089131296e-05
2832,3.8211001083254814e-05
2833,3.8040001527406275e-05
2834,3.825899329967797e-05
2835,3.807399480137974e-05
2836,3.827900218311697e-05
2837,3.7945996155031025e-05
2838,3.826199099421501e-05
2839,3.820699930656701e-05
2840,3.7995996535755694e-05
2841,3.797499812208116e-05
2842,3.8368001696653664e-05
2843,3.7933001294732094e-05
2844,3.870599903166294e-05
2845,3.795899101532996e-05
2846,3.785399894695729e-05
2847,3.785001172218472e-05
2848,3.794700023718178e-05
2849,3.7861987948417664e-05
2850,3.828499757219106e-05
2851,5.874299677088857e-05
2852,9.42510087043047e-05
2853,4.8272995627485216e-05
2854,6.661000952590257e-05
2855,4.590599564835429e-05
2856,8.463099948130548e-05
2857,4.077900666743517e-05
2858,6.479000148829073e-05
2859,6.162299541756511e-05
2860,8.671100658830255e-05
2861,6.547399971168488e-05
2862,9.70270048128441e-05
2863,5.762399814557284e-05
2864,4.297100531402975e-05
2865,5.9789992519654334e-05
2866,7.056401227600873e-05
2867,8.016699575819075e-05
2868,4.514399915933609e-05
2869,6.251400918699801e-05
2870,7.485899550374597e-05
2871,8.346099639311433e-05
2872,4.442199133336544e-05
2873,5.6006989325396717e-05
2874,4.46110061602667e-05
2875,4.47450001956895e-05
2876,4.6223009121604264e-05
2877,5.591199442278594e-05
2878,4.802799958270043e-05
2879,4.782300675287843e-05
2880,6.0058009694330394e-05
2881,4.4872998842038214e-05
2882,4.3630992877297103e-05
2883,4.073500167578459e-05
2884,4.386500222608447e-05
2885,5.017800140194595e-05
2886,4.649300535675138e-05
2887,7.936799374874681e-05
2888,5.113299994263798e-05
2889,4.0422994061373174e-05
2890,3.8936996133998036e-05
2891,3.889900108333677e-05
2892,3.890899824909866e-05
2893,3.893399843946099e-05
2894,3.8874000892974436e-05
2895,3.89540073229e-05
2896,3.8879996282048523e-05
2897,3.8865997339598835e-05
2898,3.896300040651113e-05
2899,3.8932004827074707e-05
2900,3.8878992199897766e-05
2901,3.870298678521067e-05
2902,3.890700463671237e-05
2903,3.885800833813846e-05
2904,3.887200728058815e-05
2905,3.893399843946099e-05
2906,3.896099224220961e-05
2907,3.8757993024773896e-05
2908,3.888100036419928e-05
2909,3.881299926433712e-05
2910,3.886700142174959e-05
2911,3.9103004382923245e-05
2912,3.8767000660300255e-05
2913,3.887299681082368e-05
2914,3.883700992446393e-05
2915,3.871499211527407e-05
2916,3.893100074492395e-05
2917,3.894900146406144e-05
2918,3.88490007026121e-05
2919,3.903399920091033e-05
2920,3.9004997233860195e-05
2921,3.8865997339598835e-05
2922,3.871000080835074e-05
2923,3.887301136273891e-05
2924,3.891800588462502e-05
2925,3.896199632436037e-05
2926,3.8932004827074707e-05
2927,3.871000080835074e-05
2928,3.8811995182186365e-05
2929,3.87659965781495e-05
2930,3.8829995901323855e-05
2931,3.888699575327337e-05
2932,3.8968995795585215e-05
2933,3.8905011024326086e-05
2934,3.890499647241086e-05
2935,3.896099224220961e-05
2936,3.8893005694262683e-05
2937,3.892699896823615e-05
2938,3.889799700118601e-05
2939,3.893100074492395e-05
2940,3.8887999835424125e-05
2941,3.8892001612111926e-05
2942,3.8839003536850214e-05
2943,3.883099998347461e-05
2944,3.897500573657453e-05
2945,3.878799907397479e-05
2946,3.893900429829955e-05
2947,3.884200123138726e-05
2948,3.8785001379437745e-05
2949,3.8820988265797496e-05
2950,3.869399370159954e-05
2951,3.87110048905015e-05
2952,3.901599848177284e-05
2953,3.897900751326233e-05
2954,3.886499325744808e-05
2955,3.8771002436988056e-05
2956,3.894401015713811e-05
2957,3.8869999116286635e-05
2958,3.9009988540783525e-05
2959,3.909799852408469e-05
2960,3.8951009628362954e-05
2961,3.8803002098575234e-05
2962,3.87740001315251e-05
2963,3.8972997572273016e-05
2964,3.88249900424853e-05
2965,3.876100527122617e-05
2966,3.882299643009901e-05
2967,3.895899862982333e-05
2968,3.888299397658557e-05
2969,3.879099676851183e-05
2970,3.890099469572306e-05
2971,3.885000478476286e-05
2972,3.873299283441156e-05
2973,3.900799492839724e-05
2974,3.8893005694262683e-05
2975,3.900600131601095e-05
2976,3.890499647241086e-05
2977,3.8875004975125194e-05
2978,3.882701275870204e-05
2979,3.892299719154835e-05
2980,3.88530024792999e-05
2981,3.885099431499839e-05
2982,3.8815996958874166e-05
2983,3.8852987927384675e-05
2984,3.9018996176309884e-05
2985,3.903498873114586e-05
2986,3.883198951371014e-05
2987,3.8852012949064374e-05
2988,3.8887999835424125e-05
2989,3.88449989259243e-05
2990,3.867500345222652e-05
2991,3.8815996958874166e-05
2992,3.8892001612111926e-05
2993,3.906899655703455e-05
2994,3.869699139613658e-05
2995,3.8990998291410506e-05
2996,3.884699253831059e-05
2997,3.884000761900097e-05
2998,8.225400233641267e-05
2999,3.79659904865548e-05
