0,6.10999995842576e-06
1,1.3870012480765581e-06
2,1.0259973350912333e-06
3,8.919887477532029e-07
4,8.420029189437628e-07
5,8.539936970919371e-07
6,8.539936970919371e-07
7,8.740025805309415e-07
8,8.57005943544209e-07
9,8.820061339065433e-07
10,8.749921107664704e-07
11,8.960050763562322e-07
12,8.650094969198108e-07
13,8.709903340786695e-07
14,8.520000847056508e-07
15,8.380011422559619e-07
16,8.589995559304953e-07
17,8.780043572187424e-07
18,8.560018613934517e-07
19,8.740025805309415e-07
20,8.599890861660242e-07
21,8.719944162294269e-07
22,8.390052244067192e-07
23,8.639908628538251e-07
24,8.450006134808064e-07
25,8.560018613934517e-07
26,8.589995559304953e-07
27,8.57005943544209e-07
28,8.429924491792917e-07
29,8.589995559304953e-07
30,8.320057531818748e-07
31,8.43996531330049e-07
32,8.650094969198108e-07
33,8.520000847056508e-07
34,8.709903340786695e-07
35,8.540082490071654e-07
36,8.469942258670926e-07
37,8.460046956315637e-07
38,8.610077202320099e-07
39,8.57005943544209e-07
40,8.540082490071654e-07
41,8.420029189437628e-07
42,8.799979696050286e-07
43,8.700008038431406e-07
44,8.509960025548935e-07
45,8.410133887082338e-07
46,8.43996531330049e-07
47,8.479983080178499e-07
48,8.450006134808064e-07
49,8.24002199806273e-07
50,8.600036380812526e-07
51,8.57005943544209e-07
52,8.929928299039602e-07
53,8.320057531818748e-07
54,8.750066626816988e-07
55,8.479983080178499e-07
56,8.329952834174037e-07
57,8.560018613934517e-07
58,8.479983080178499e-07
59,8.329952834174037e-07
60,8.759961929172277e-07
61,8.399947546422482e-07
62,8.950009942054749e-07
63,8.380011422559619e-07
64,8.770002750679851e-07
65,8.47008777782321e-07
66,8.409988367930055e-07
67,8.259958121925592e-07
68,8.300121407955885e-07
69,8.280039764940739e-07
70,8.420029189437628e-07
71,8.67003109306097e-07
72,8.490023901686072e-07
73,8.859933586791158e-07
74,8.749921107664704e-07
75,8.520000847056508e-07
76,8.619972504675388e-07
77,8.490023901686072e-07
78,8.299975888803601e-07
79,8.509960025548935e-07
80,8.560018613934517e-07
81,8.450006134808064e-07
82,8.330098353326321e-07
83,8.689967216923833e-07
84,8.539936970919371e-07
85,8.440110832452774e-07
86,8.409988367930055e-07
87,8.770002750679851e-07
88,8.490023901686072e-07
89,8.770002750679851e-07
90,8.839997462928295e-07
91,8.530041668564081e-07
92,8.330098353326321e-07
93,8.409988367930055e-07
94,8.530041668564081e-07
95,8.479983080178499e-07
96,8.289935067296028e-07
97,8.280039764940739e-07
98,8.450006134808064e-07
99,8.530041668564081e-07
100,8.619972504675388e-07
101,8.200004231184721e-07
102,8.530041668564081e-07
103,8.680071914568543e-07
104,9.040086297318339e-07
105,8.259958121925592e-07
106,8.300121407955885e-07
107,8.520000847056508e-07
108,8.520000847056508e-07
109,8.24002199806273e-07
110,8.839997462928295e-07
111,8.460046956315637e-07
112,8.409988367930055e-07
113,8.249917300418019e-07
114,8.279894245788455e-07
115,8.610077202320099e-07
116,8.459901437163353e-07
117,8.219940355047584e-07
118,8.549977792426944e-07
119,8.24002199806273e-07
120,8.560018613934517e-07
121,8.770002750679851e-07
122,8.460046956315637e-07
123,8.300121407955885e-07
124,8.47008777782321e-07
125,8.649949450045824e-07
126,8.750066626816988e-07
127,8.580100256949663e-07
128,8.499919204041362e-07
129,8.290080586448312e-07
130,8.469942258670926e-07
131,8.479983080178499e-07
132,8.759961929172277e-07
133,8.249917300418019e-07
134,8.350034477189183e-07
135,8.549977792426944e-07
136,8.430070010945201e-07
137,8.329952834174037e-07
138,8.340139174833894e-07
139,8.500064723193645e-07
140,8.289935067296028e-07
141,8.409988367930055e-07
142,8.609931683167815e-07
143,8.47008777782321e-07
144,8.640054147690535e-07
145,9.229988791048527e-07
146,8.190108928829432e-07
147,8.399947546422482e-07
148,8.599890861660242e-07
149,8.549977792426944e-07
150,8.429924491792917e-07
151,8.549977792426944e-07
152,8.280039764940739e-07
153,8.350034477189183e-07
154,8.219940355047584e-07
155,8.759961929172277e-07
156,8.43996531330049e-07
157,8.260103641077876e-07
158,8.380011422559619e-07
159,8.390052244067192e-07
160,8.429924491792917e-07
161,8.479983080178499e-07
162,8.290080586448312e-07
163,8.650094969198108e-07
164,8.310016710311174e-07
165,8.740025805309415e-07
166,8.489878382533789e-07
167,8.290080586448312e-07
168,8.289935067296028e-07
169,8.610077202320099e-07
170,8.589995559304953e-07
171,8.180068107321858e-07
172,8.289935067296028e-07
173,8.520000847056508e-07
174,8.380011422559619e-07
175,8.420029189437628e-07
176,8.189963409677148e-07
177,8.200004231184721e-07
178,8.320057531818748e-07
179,8.589995559304953e-07
180,8.479983080178499e-07
181,8.419883670285344e-07
182,8.23012669570744e-07
183,8.200004231184721e-07
184,8.259958121925592e-07
185,8.920032996684313e-07
186,8.380011422559619e-07
187,8.43996531330049e-07
188,8.450006134808064e-07
189,8.269998943433166e-07
190,8.609931683167815e-07
191,8.279894245788455e-07
192,8.269998943433166e-07
193,8.200004231184721e-07
194,8.440110832452774e-07
195,8.57995473779738e-07
196,8.239876478910446e-07
197,8.159986464306712e-07
198,8.399947546422482e-07
199,8.430070010945201e-07
200,8.440110832452774e-07
201,8.310016710311174e-07
202,8.659990271553397e-07
203,8.250062819570303e-07
204,8.440110832452774e-07
205,8.739880286157131e-07
206,8.289935067296028e-07
207,8.469942258670926e-07
208,8.420029189437628e-07
209,8.369970601052046e-07
210,8.469942258670926e-07
211,8.619972504675388e-07
212,8.509960025548935e-07
213,8.560018613934517e-07
214,8.179922588169575e-07
215,8.619972504675388e-07
216,8.219940355047584e-07
217,8.490023901686072e-07
218,8.460046956315637e-07
219,8.380011422559619e-07
220,8.33999365568161e-07
221,8.47008777782321e-07
222,8.650094969198108e-07
223,8.219940355047584e-07
224,8.289935067296028e-07
225,8.759961929172277e-07
226,8.269998943433166e-07
227,8.329952834174037e-07
228,8.77989805303514e-07
229,8.310016710311174e-07
230,8.700008038431406e-07
231,8.450006134808064e-07
232,8.649949450045824e-07
233,8.259958121925592e-07
234,8.479983080178499e-07
235,8.580100256949663e-07
236,8.700008038431406e-07
237,8.429924491792917e-07
238,8.469942258670926e-07
239,8.420029189437628e-07
240,8.189963409677148e-07
241,8.770002750679851e-07
242,8.299975888803601e-07
243,8.279894245788455e-07
244,8.3498889580369e-07
245,8.610077202320099e-07
246,8.249917300418019e-07
247,8.220085874199867e-07
248,8.490023901686072e-07
249,8.399947546422482e-07
250,8.510105544701219e-07
251,8.460046956315637e-07
252,8.219940355047584e-07
253,8.350034477189183e-07
254,8.520000847056508e-07
255,8.200004231184721e-07
256,8.249917300418019e-07
257,8.609931683167815e-07
258,8.33999365568161e-07
259,8.43996531330049e-07
260,8.589995559304953e-07
261,8.390052244067192e-07
262,8.479983080178499e-07
263,8.380011422559619e-07
264,8.630013326182961e-07
265,8.390052244067192e-07
266,8.610077202320099e-07
267,8.530041668564081e-07
268,8.450006134808064e-07
269,8.219940355047584e-07
270,8.409988367930055e-07
271,8.460046956315637e-07
272,8.369970601052046e-07
273,8.610077202320099e-07
274,8.490023901686072e-07
275,8.710048859938979e-07
276,8.389906724914908e-07
277,8.500064723193645e-07
278,8.630013326182961e-07
279,8.249917300418019e-07
280,8.530041668564081e-07
281,8.320057531818748e-07
282,8.569913916289806e-07
283,8.530041668564081e-07
284,8.499919204041362e-07
285,8.500064723193645e-07
286,8.300121407955885e-07
287,8.43996531330049e-07
288,8.619972504675388e-07
289,8.640054147690535e-07
290,8.159986464306712e-07
291,8.849892765283585e-07
292,8.460046956315637e-07
293,8.459901437163353e-07
294,8.43996531330049e-07
295,8.47008777782321e-07
296,8.269998943433166e-07
297,8.319912012666464e-07
298,8.299975888803601e-07
299,8.420029189437628e-07
300,8.269998943433166e-07
301,8.920032996684313e-07
302,8.380011422559619e-07
303,8.289935067296028e-07
304,8.180068107321858e-07
305,8.300121407955885e-07
306,8.459901437163353e-07
307,8.560018613934517e-07
308,8.729984983801842e-07
309,8.150091161951423e-07
310,8.390052244067192e-07
311,8.750066626816988e-07
312,8.369970601052046e-07
313,8.24002199806273e-07
314,8.280039764940739e-07
315,8.33999365568161e-07
316,8.710048859938979e-07
317,8.310016710311174e-07
318,8.33999365568161e-07
319,8.67992639541626e-07
320,8.549977792426944e-07
321,8.510105544701219e-07
322,8.400093065574765e-07
323,8.589995559304953e-07
324,8.479983080178499e-07
325,8.269998943433166e-07
326,8.429924491792917e-07
327,8.509960025548935e-07
328,8.170027285814285e-07
329,8.330098353326321e-07
330,8.619972504675388e-07
331,8.380011422559619e-07
332,8.399947546422482e-07
333,8.200004231184721e-07
334,8.100032573565841e-07
335,8.280039764940739e-07
336,8.460046956315637e-07
337,8.430070010945201e-07
338,8.380011422559619e-07
339,8.500064723193645e-07
340,8.659990271553397e-07
341,8.419883670285344e-07
342,8.749921107664704e-07
343,8.420029189437628e-07
344,8.319912012666464e-07
345,8.280039764940739e-07
346,8.639908628538251e-07
347,8.400093065574765e-07
348,8.280039764940739e-07
349,8.490023901686072e-07
350,8.510105544701219e-07
351,8.410133887082338e-07
352,8.369970601052046e-07
353,8.380011422559619e-07
354,8.460046956315637e-07
355,8.57005943544209e-07
356,8.360075298696756e-07
357,8.880015229806304e-07
358,8.43996531330049e-07
359,8.520000847056508e-07
360,8.460046956315637e-07
361,8.490023901686072e-07
362,8.710048859938979e-07
363,8.649949450045824e-07
364,8.549977792426944e-07
365,8.520000847056508e-07
366,8.750066626816988e-07
367,8.719944162294269e-07
368,8.389906724914908e-07
369,8.559873094782233e-07
370,8.43996531330049e-07
371,8.710048859938979e-07
372,8.479983080178499e-07
373,8.410133887082338e-07
374,8.460046956315637e-07
375,8.930073818191886e-07
376,8.420029189437628e-07
377,8.540082490071654e-07
378,8.649949450045824e-07
379,8.359929779544473e-07
380,8.479983080178499e-07
381,8.520000847056508e-07
382,8.680071914568543e-07
383,8.649949450045824e-07
384,8.600036380812526e-07
385,8.67992639541626e-07
386,8.659990271553397e-07
387,8.630013326182961e-07
388,8.629867807030678e-07
389,8.479983080178499e-07
390,8.580100256949663e-07
391,8.790084393694997e-07
392,8.540082490071654e-07
393,8.57995473779738e-07
394,8.469942258670926e-07
395,8.589995559304953e-07
396,8.749921107664704e-07
397,8.360075298696756e-07
398,8.549977792426944e-07
399,8.520000847056508e-07
400,8.420029189437628e-07
401,8.389906724914908e-07
402,8.490023901686072e-07
403,8.619972504675388e-07
404,8.520000847056508e-07
405,8.359929779544473e-07
406,8.420029189437628e-07
407,8.47008777782321e-07
408,8.880015229806304e-07
409,8.619972504675388e-07
410,8.669885573908687e-07
411,8.500064723193645e-07
412,8.459901437163353e-07
413,8.330098353326321e-07
414,8.780043572187424e-07
415,8.609931683167815e-07
416,8.460046956315637e-07
417,8.619972504675388e-07
418,8.450006134808064e-07
419,8.450006134808064e-07
420,8.509960025548935e-07
421,8.43996531330049e-07
422,8.539936970919371e-07
423,8.960050763562322e-07
424,8.329952834174037e-07
425,8.720089681446552e-07
426,8.510105544701219e-07
427,8.409988367930055e-07
428,8.549977792426944e-07
429,8.509960025548935e-07
430,8.539936970919371e-07
431,8.549977792426944e-07
432,8.610077202320099e-07
433,8.549977792426944e-07
434,8.810020517557859e-07
435,8.469942258670926e-07
436,8.569913916289806e-07
437,8.350034477189183e-07
438,8.609931683167815e-07
439,8.510105544701219e-07
440,8.429924491792917e-07
441,8.620118023827672e-07
442,8.529896149411798e-07
443,8.43996531330049e-07
444,8.780043572187424e-07
445,8.47008777782321e-07
446,8.57005943544209e-07
447,8.659990271553397e-07
448,8.460046956315637e-07
449,8.380011422559619e-07
450,8.450006134808064e-07
451,8.310016710311174e-07
452,8.420029189437628e-07
453,8.429924491792917e-07
454,8.37011612020433e-07
455,8.560018613934517e-07
456,8.549977792426944e-07
457,8.250062819570303e-07
458,8.250062819570303e-07
459,8.409988367930055e-07
460,8.700008038431406e-07
461,8.680071914568543e-07
462,8.210045052692294e-07
463,8.43996531330049e-07
464,8.630013326182961e-07
465,8.530041668564081e-07
466,8.409988367930055e-07
467,8.459901437163353e-07
468,8.520000847056508e-07
469,8.33999365568161e-07
470,8.429924491792917e-07
471,8.520000847056508e-07
472,8.650094969198108e-07
473,8.309871191158891e-07
474,8.260103641077876e-07
475,8.620118023827672e-07
476,8.259958121925592e-07
477,8.490023901686072e-07
478,8.450006134808064e-07
479,8.540082490071654e-07
480,8.880015229806304e-07
481,8.540082490071654e-07
482,8.500064723193645e-07
483,8.540082490071654e-07
484,8.469942258670926e-07
485,8.459901437163353e-07
486,8.589995559304953e-07
487,8.360075298696756e-07
488,8.459901437163353e-07
489,8.599890861660242e-07
490,8.57995473779738e-07
491,8.520000847056508e-07
492,8.479983080178499e-07
493,8.509960025548935e-07
494,8.530041668564081e-07
495,8.24002199806273e-07
496,8.649949450045824e-07
497,8.489878382533789e-07
498,8.280039764940739e-07
499,8.259958121925592e-07
500,8.350034477189183e-07
501,8.67003109306097e-07
502,8.720089681446552e-07
503,8.499919204041362e-07
504,8.380011422559619e-07
505,8.149945642799139e-07
506,8.43996531330049e-07
507,8.380011422559619e-07
508,8.399947546422482e-07
509,8.540082490071654e-07
510,8.499919204041362e-07
511,8.269998943433166e-07
512,8.67992639541626e-07
513,8.47008777782321e-07
514,8.380011422559619e-07
515,8.229981176555157e-07
516,8.409988367930055e-07
517,8.490023901686072e-07
518,8.630013326182961e-07
519,8.179922588169575e-07
520,8.560018613934517e-07
521,8.250062819570303e-07
522,8.360075298696756e-07
523,8.680071914568543e-07
524,8.280039764940739e-07
525,8.269998943433166e-07
526,8.500064723193645e-07
527,8.589995559304953e-07
528,8.3498889580369e-07
529,8.47008777782321e-07
530,8.450006134808064e-07
531,8.780043572187424e-07
532,8.420029189437628e-07
533,8.729984983801842e-07
534,8.729984983801842e-07
535,8.469942258670926e-07
536,8.880015229806304e-07
537,8.490023901686072e-07
538,8.250062819570303e-07
539,8.559873094782233e-07
540,8.249917300418019e-07
541,8.57005943544209e-07
542,8.619972504675388e-07
543,8.520000847056508e-07
544,8.740025805309415e-07
545,8.440110832452774e-07
546,8.289935067296028e-07
547,8.399947546422482e-07
548,8.469942258670926e-07
549,8.329952834174037e-07
550,8.539936970919371e-07
551,8.259958121925592e-07
552,8.690112736076117e-07
553,8.639908628538251e-07
554,8.640054147690535e-07
555,8.729984983801842e-07
556,8.460046956315637e-07
557,8.499919204041362e-07
558,9.299983503296971e-07
559,8.57005943544209e-07
560,8.479983080178499e-07
561,8.399947546422482e-07
562,8.700008038431406e-07
563,8.600036380812526e-07
564,8.589995559304953e-07
565,8.299975888803601e-07
566,8.479983080178499e-07
567,8.299975888803601e-07
568,8.549977792426944e-07
569,8.740025805309415e-07
570,8.410133887082338e-07
571,8.47008777782321e-07
572,8.460046956315637e-07
573,8.610077202320099e-07
574,8.759961929172277e-07
575,8.770002750679851e-07
576,8.409988367930055e-07
577,8.409988367930055e-07
578,8.609931683167815e-07
579,8.359929779544473e-07
580,8.430070010945201e-07
581,8.320057531818748e-07
582,8.880015229806304e-07
583,8.690112736076117e-07
584,8.57995473779738e-07
585,8.419883670285344e-07
586,8.479983080178499e-07
587,8.509960025548935e-07
588,8.649949450045824e-07
589,8.43996531330049e-07
590,8.660135790705681e-07
591,8.369970601052046e-07
592,8.539936970919371e-07
593,8.509960025548935e-07
594,8.429924491792917e-07
595,8.589995559304953e-07
596,8.57005943544209e-07
597,8.369970601052046e-07
598,8.549977792426944e-07
599,8.640054147690535e-07
600,8.450006134808064e-07
601,8.810020517557859e-07
602,8.580100256949663e-07
603,8.57005943544209e-07
604,8.450006134808064e-07
605,8.479983080178499e-07
606,8.610077202320099e-07
607,8.289935067296028e-07
608,8.759961929172277e-07
609,8.260103641077876e-07
610,8.640054147690535e-07
611,8.460046956315637e-07
612,8.649949450045824e-07
613,8.589995559304953e-07
614,8.890056051313877e-07
615,8.450006134808064e-07
616,8.509960025548935e-07
617,8.44986061565578e-07
618,8.529896149411798e-07
619,8.33999365568161e-07
620,8.659990271553397e-07
621,8.409988367930055e-07
622,8.510105544701219e-07
623,8.400093065574765e-07
624,8.57995473779738e-07
625,8.57005943544209e-07
626,8.759961929172277e-07
627,8.659990271553397e-07
628,8.459901437163353e-07
629,8.560018613934517e-07
630,8.710048859938979e-07
631,8.440110832452774e-07
632,8.47008777782321e-07
633,8.619972504675388e-07
634,8.610077202320099e-07
635,8.639908628538251e-07
636,8.599890861660242e-07
637,8.700008038431406e-07
638,8.630013326182961e-07
639,8.420029189437628e-07
640,8.500064723193645e-07
641,8.769857231527567e-07
642,8.640054147690535e-07
643,8.700008038431406e-07
644,8.479983080178499e-07
645,8.539936970919371e-07
646,8.409988367930055e-07
647,8.890056051313877e-07
648,8.450006134808064e-07
649,8.990027708932757e-07
650,8.469942258670926e-07
651,8.57005943544209e-07
652,8.57005943544209e-07
653,8.43996531330049e-07
654,8.639908628538251e-07
655,8.500064723193645e-07
656,8.269998943433166e-07
657,8.509960025548935e-07
658,8.259958121925592e-07
659,8.789938874542713e-07
660,8.600036380812526e-07
661,8.360075298696756e-07
662,8.57005943544209e-07
663,8.260103641077876e-07
664,8.380011422559619e-07
665,8.290080586448312e-07
666,8.279894245788455e-07
667,8.269998943433166e-07
668,8.380011422559619e-07
669,8.360075298696756e-07
670,8.749921107664704e-07
671,8.390052244067192e-07
672,8.729984983801842e-07
673,8.600036380812526e-07
674,8.450006134808064e-07
675,8.369970601052046e-07
676,8.350034477189183e-07
677,8.429924491792917e-07
678,8.460046956315637e-07
679,8.320057531818748e-07
680,8.350034477189183e-07
681,8.530041668564081e-07
682,8.880015229806304e-07
683,8.389906724914908e-07
684,8.509960025548935e-07
685,8.280039764940739e-07
686,8.530041668564081e-07
687,8.14005034044385e-07
688,8.299975888803601e-07
689,8.389906724914908e-07
690,8.600036380812526e-07
691,8.24002199806273e-07
692,8.689967216923833e-07
693,8.319912012666464e-07
694,8.540082490071654e-07
695,8.380011422559619e-07
696,8.549977792426944e-07
697,8.329952834174037e-07
698,8.460046956315637e-07
699,8.549977792426944e-07
700,8.460046956315637e-07
701,8.330098353326321e-07
702,8.750066626816988e-07
703,8.3498889580369e-07
704,8.289935067296028e-07
705,8.609931683167815e-07
706,8.320057531818748e-07
707,8.640054147690535e-07
708,8.460046956315637e-07
709,8.24002199806273e-07
710,8.14005034044385e-07
711,8.510105544701219e-07
712,8.520000847056508e-07
713,8.810020517557859e-07
714,8.689967216923833e-07
715,8.640054147690535e-07
716,8.549977792426944e-07
717,8.259958121925592e-07
718,8.509960025548935e-07
719,8.330098353326321e-07
720,8.43996531330049e-07
721,8.530041668564081e-07
722,8.530041668564081e-07
723,8.589995559304953e-07
724,8.359929779544473e-07
725,8.320057531818748e-07
726,8.67003109306097e-07
727,8.460046956315637e-07
728,8.810020517557859e-07
729,8.399947546422482e-07
730,8.43996531330049e-07
731,8.649949450045824e-07
732,8.47008777782321e-07
733,8.129863999783993e-07
734,8.509960025548935e-07
735,8.23012669570744e-07
736,8.869974408298731e-07
737,8.200004231184721e-07
738,8.269998943433166e-07
739,8.479983080178499e-07
740,8.469942258670926e-07
741,8.589995559304953e-07
742,8.409988367930055e-07
743,8.329952834174037e-07
744,8.560018613934517e-07
745,8.289935067296028e-07
746,8.700008038431406e-07
747,8.750066626816988e-07
748,8.469942258670926e-07
749,8.490023901686072e-07
750,8.219940355047584e-07
751,8.810020517557859e-07
752,8.250062819570303e-07
753,8.469942258670926e-07
754,8.20989953354001e-07
755,8.399947546422482e-07
756,8.409988367930055e-07
757,8.640054147690535e-07
758,8.770002750679851e-07
759,8.529896149411798e-07
760,8.319912012666464e-07
761,8.57995473779738e-07
762,8.639908628538251e-07
763,8.849892765283585e-07
764,8.580100256949663e-07
765,8.369970601052046e-07
766,8.360075298696756e-07
767,8.320057531818748e-07
768,8.650094969198108e-07
769,8.509960025548935e-07
770,8.43996531330049e-07
771,8.279894245788455e-07
772,8.620118023827672e-07
773,8.599890861660242e-07
774,8.430070010945201e-07
775,8.299975888803601e-07
776,1.2170057743787766e-06
777,8.780043572187424e-07
778,8.480128599330783e-07
779,8.450006134808064e-07
780,8.920032996684313e-07
781,8.440110832452774e-07
782,8.520000847056508e-07
783,8.589995559304953e-07
784,8.659990271553397e-07
785,8.43996531330049e-07
786,8.539936970919371e-07
787,8.630013326182961e-07
788,8.780043572187424e-07
789,8.429924491792917e-07
790,8.499919204041362e-07
791,8.479983080178499e-07
792,8.350034477189183e-07
793,8.730130502954125e-07
794,8.380011422559619e-07
795,8.359929779544473e-07
796,8.490023901686072e-07
797,8.469942258670926e-07
798,8.689967216923833e-07
799,8.409988367930055e-07
800,8.490023901686072e-07
801,8.389906724914908e-07
802,8.680071914568543e-07
803,8.709903340786695e-07
804,8.709903340786695e-07
805,8.429924491792917e-07
806,8.600036380812526e-07
807,8.310016710311174e-07
808,8.3498889580369e-07
809,8.309871191158891e-07
810,8.450006134808064e-07
811,8.309871191158891e-07
812,8.890056051313877e-07
813,8.200004231184721e-07
814,8.390052244067192e-07
815,8.549977792426944e-07
816,8.829956641420722e-07
817,8.489878382533789e-07
818,8.57995473779738e-07
819,8.509960025548935e-07
820,8.580100256949663e-07
821,8.429924491792917e-07
822,8.479983080178499e-07
823,8.549977792426944e-07
824,8.630013326182961e-07
825,8.350034477189183e-07
826,8.359929779544473e-07
827,8.639908628538251e-07
828,8.330098353326321e-07
829,8.290080586448312e-07
830,8.47008777782321e-07
831,8.259958121925592e-07
832,8.469942258670926e-07
833,8.780043572187424e-07
834,8.420029189437628e-07
835,8.360075298696756e-07
836,9.049981599673629e-07
837,8.420029189437628e-07
838,8.280039764940739e-07
839,8.400093065574765e-07
840,8.710048859938979e-07
841,8.33999365568161e-07
842,8.600036380812526e-07
843,8.299975888803601e-07
844,8.299975888803601e-07
845,8.310016710311174e-07
846,8.380011422559619e-07
847,8.520000847056508e-07
848,8.409988367930055e-07
849,8.710048859938979e-07
850,8.320057531818748e-07
851,8.430070010945201e-07
852,8.560018613934517e-07
853,8.759961929172277e-07
854,8.899951353669167e-07
855,8.420029189437628e-07
856,8.67003109306097e-07
857,8.310016710311174e-07
858,8.499919204041362e-07
859,8.390052244067192e-07
860,8.630013326182961e-07
861,8.450006134808064e-07
862,8.770002750679851e-07
863,8.24002199806273e-07
864,8.480128599330783e-07
865,8.43996531330049e-07
866,8.589995559304953e-07
867,8.630013326182961e-07
868,8.47008777782321e-07
869,8.77989805303514e-07
870,8.289935067296028e-07
871,8.799979696050286e-07
872,8.57995473779738e-07
873,8.57005943544209e-07
874,8.440110832452774e-07
875,8.90999217517674e-07
876,8.399947546422482e-07
877,8.859933586791158e-07
878,8.289935067296028e-07
879,8.430070010945201e-07
880,8.589995559304953e-07
881,8.499919204041362e-07
882,8.390052244067192e-07
883,8.789938874542713e-07
884,8.389906724914908e-07
885,8.719944162294269e-07
886,8.57995473779738e-07
887,8.319912012666464e-07
888,8.649949450045824e-07
889,8.440110832452774e-07
890,8.429924491792917e-07
891,8.589995559304953e-07
892,8.580100256949663e-07
893,8.899951353669167e-07
894,8.720089681446552e-07
895,8.619972504675388e-07
896,8.499919204041362e-07
897,8.479983080178499e-07
898,8.710048859938979e-07
899,8.259958121925592e-07
900,8.640054147690535e-07
901,8.750066626816988e-07
902,8.320057531818748e-07
903,8.950009942054749e-07
904,8.649949450045824e-07
905,8.329952834174037e-07
906,8.450006134808064e-07
907,8.450006134808064e-07
908,8.600036380812526e-07
909,8.450006134808064e-07
910,8.259958121925592e-07
911,8.309871191158891e-07
912,8.43996531330049e-07
913,8.479983080178499e-07
914,8.400093065574765e-07
915,8.279894245788455e-07
916,8.540082490071654e-07
917,8.279894245788455e-07
918,8.490023901686072e-07
919,8.200004231184721e-07
920,8.469942258670926e-07
921,8.450006134808064e-07
922,8.450006134808064e-07
923,8.700008038431406e-07
924,8.319912012666464e-07
925,8.310016710311174e-07
926,8.619972504675388e-07
927,8.520000847056508e-07
928,8.300121407955885e-07
929,8.520000847056508e-07
930,8.369970601052046e-07
931,8.33999365568161e-07
932,8.539936970919371e-07
933,8.489878382533789e-07
934,8.280039764940739e-07
935,8.400093065574765e-07
936,8.460046956315637e-07
937,8.210045052692294e-07
938,8.310016710311174e-07
939,8.450006134808064e-07
940,8.380011422559619e-07
941,8.429924491792917e-07
942,8.57005943544209e-07
943,8.889910532161593e-07
944,8.10992787592113e-07
945,8.149945642799139e-07
946,8.280039764940739e-07
947,8.350034477189183e-07
948,8.759961929172277e-07
949,8.529896149411798e-07
950,8.559873094782233e-07
951,8.130009518936276e-07
952,8.229981176555157e-07
953,8.189963409677148e-07
954,8.399947546422482e-07
955,8.460046956315637e-07
956,8.509960025548935e-07
957,8.329952834174037e-07
958,8.569913916289806e-07
959,8.310016710311174e-07
960,8.600036380812526e-07
961,8.24002199806273e-07
962,8.390052244067192e-07
963,8.180068107321858e-07
964,8.219940355047584e-07
965,8.560018613934517e-07
966,8.359929779544473e-07
967,8.319912012666464e-07
968,8.33999365568161e-07
969,8.530041668564081e-07
970,8.319912012666464e-07
971,8.269998943433166e-07
972,8.950009942054749e-07
973,8.280039764940739e-07
974,8.539936970919371e-07
975,8.820061339065433e-07
976,8.80012521520257e-07
977,8.309871191158891e-07
978,8.200004231184721e-07
979,8.310016710311174e-07
980,8.330098353326321e-07
981,8.249917300418019e-07
982,8.14005034044385e-07
983,8.280039764940739e-07
984,8.520000847056508e-07
985,8.459901437163353e-07
986,8.520000847056508e-07
987,8.67003109306097e-07
988,8.369970601052046e-07
989,8.500064723193645e-07
990,8.729984983801842e-07
991,8.680071914568543e-07
992,8.440110832452774e-07
993,8.630013326182961e-07
994,8.390052244067192e-07
995,8.520000847056508e-07
996,8.700008038431406e-07
997,8.57995473779738e-07
998,8.609931683167815e-07
999,8.549977792426944e-07
1000,8.299975888803601e-07
1001,8.569913916289806e-07
1002,8.369970601052046e-07
1003,8.110073395073414e-07
1004,8.43996531330049e-07
1005,8.110073395073414e-07
1006,8.839997462928295e-07
1007,8.20989953354001e-07
1008,8.250062819570303e-07
1009,8.500064723193645e-07
1010,8.200004231184721e-07
1011,8.130009518936276e-07
1012,8.320057531818748e-07
1013,8.220085874199867e-07
1014,8.539936970919371e-07
1015,8.309871191158891e-07
1016,8.499919204041362e-07
1017,8.490023901686072e-07
1018,8.380011422559619e-07
1019,8.219940355047584e-07
1020,8.429924491792917e-07
1021,8.280039764940739e-07
1022,8.560018613934517e-07
1023,8.67992639541626e-07
1024,8.289935067296028e-07
1025,8.399947546422482e-07
1026,8.460046956315637e-07
1027,8.689967216923833e-07
1028,8.170027285814285e-07
1029,8.170027285814285e-07
1030,8.57005943544209e-07
1031,8.67003109306097e-07
1032,8.289935067296028e-07
1033,8.380011422559619e-07
1034,8.740025805309415e-07
1035,8.490023901686072e-07
1036,8.509960025548935e-07
1037,8.280039764940739e-07
1038,8.530041668564081e-07
1039,8.400093065574765e-07
1040,8.360075298696756e-07
1041,8.24002199806273e-07
1042,8.760107448324561e-07
1043,8.529896149411798e-07
1044,8.820061339065433e-07
1045,8.469942258670926e-07
1046,8.499919204041362e-07
1047,8.499919204041362e-07
1048,8.509960025548935e-07
1049,8.229981176555157e-07
1050,8.429924491792917e-07
1051,8.450006134808064e-07
1052,8.689967216923833e-07
1053,8.459901437163353e-07
1054,8.839997462928295e-07
1055,8.389906724914908e-07
1056,8.479983080178499e-07
1057,8.540082490071654e-07
1058,8.499919204041362e-07
1059,8.229981176555157e-07
1060,8.669885573908687e-07
1061,8.740025805309415e-07
1062,8.500064723193645e-07
1063,8.589995559304953e-07
1064,8.569913916289806e-07
1065,8.659990271553397e-07
1066,8.420029189437628e-07
1067,8.520000847056508e-07
1068,8.520000847056508e-07
1069,8.57995473779738e-07
1070,8.399947546422482e-07
1071,8.619972504675388e-07
1072,8.460046956315637e-07
1073,8.510105544701219e-07
1074,8.249917300418019e-07
1075,8.429924491792917e-07
1076,8.700008038431406e-07
1077,8.269998943433166e-07
1078,8.429924491792917e-07
1079,8.619972504675388e-07
1080,8.539936970919371e-07
1081,8.509960025548935e-07
1082,8.899951353669167e-07
1083,8.640054147690535e-07
1084,8.420029189437628e-07
1085,8.24002199806273e-07
1086,8.259958121925592e-07
1087,8.380011422559619e-07
1088,8.459901437163353e-07
1089,8.479983080178499e-07
1090,8.630013326182961e-07
1091,8.740025805309415e-07
1092,8.619972504675388e-07
1093,8.939969120547175e-07
1094,8.469942258670926e-07
1095,8.37011612020433e-07
1096,8.389906724914908e-07
1097,8.539936970919371e-07
1098,8.490023901686072e-07
1099,8.299975888803601e-07
1100,8.310016710311174e-07
1101,8.47008777782321e-07
1102,8.729984983801842e-07
1103,8.24002199806273e-07
1104,8.389906724914908e-07
1105,8.289935067296028e-07
1106,8.589995559304953e-07
1107,8.399947546422482e-07
1108,8.380011422559619e-07
1109,8.220085874199867e-07
1110,8.260103641077876e-07
1111,8.67992639541626e-07
1112,8.490023901686072e-07
1113,8.350034477189183e-07
1114,8.390052244067192e-07
1115,8.610077202320099e-07
1116,8.619972504675388e-07
1117,8.350034477189183e-07
1118,8.630013326182961e-07
1119,8.43996531330049e-07
1120,8.490023901686072e-07
1121,8.770002750679851e-07
1122,8.450006134808064e-07
1123,8.359929779544473e-07
1124,8.479983080178499e-07
1125,8.780043572187424e-07
1126,8.609931683167815e-07
1127,8.479983080178499e-07
1128,8.659990271553397e-07
1129,8.469942258670926e-07
1130,8.469942258670926e-07
1131,8.609931683167815e-07
1132,8.630013326182961e-07
1133,8.229981176555157e-07
1134,8.659990271553397e-07
1135,8.609931683167815e-07
1136,8.469942258670926e-07
1137,8.259958121925592e-07
1138,8.539936970919371e-07
1139,8.399947546422482e-07
1140,8.709903340786695e-07
1141,8.460046956315637e-07
1142,8.379865903407335e-07
1143,8.450006134808064e-07
1144,8.650094969198108e-07
1145,8.600036380812526e-07
1146,8.450006134808064e-07
1147,8.539936970919371e-07
1148,8.189963409677148e-07
1149,8.420029189437628e-07
1150,8.899951353669167e-07
1151,8.520000847056508e-07
1152,8.450006134808064e-07
1153,8.500064723193645e-07
1154,8.369970601052046e-07
1155,8.740025805309415e-07
1156,8.530041668564081e-07
1157,8.630013326182961e-07
1158,8.509960025548935e-07
1159,8.520000847056508e-07
1160,8.379865903407335e-07
1161,8.880015229806304e-07
1162,8.479983080178499e-07
1163,8.810020517557859e-07
1164,8.399947546422482e-07
1165,8.24002199806273e-07
1166,8.479983080178499e-07
1167,8.350034477189183e-07
1168,8.249917300418019e-07
1169,8.869974408298731e-07
1170,8.320057531818748e-07
1171,8.469942258670926e-07
1172,8.450006134808064e-07
1173,8.659990271553397e-07
1174,8.430070010945201e-07
1175,8.330098353326321e-07
1176,8.380011422559619e-07
1177,8.310016710311174e-07
1178,8.450006134808064e-07
1179,8.549977792426944e-07
1180,8.259958121925592e-07
1181,8.33999365568161e-07
1182,8.67992639541626e-07
1183,8.47008777782321e-07
1184,8.419883670285344e-07
1185,8.219940355047584e-07
1186,8.329952834174037e-07
1187,8.469942258670926e-07
1188,8.460046956315637e-07
1189,8.189963409677148e-07
1190,8.649949450045824e-07
1191,8.57995473779738e-07
1192,8.280039764940739e-07
1193,8.14005034044385e-07
1194,8.67003109306097e-07
1195,8.450006134808064e-07
1196,8.599890861660242e-07
1197,8.529896149411798e-07
1198,8.269998943433166e-07
1199,8.210045052692294e-07
1200,8.689967216923833e-07
1201,8.399947546422482e-07
1202,8.219940355047584e-07
1203,8.190108928829432e-07
1204,8.469942258670926e-07
1205,8.390052244067192e-07
1206,8.189963409677148e-07
1207,8.560018613934517e-07
1208,8.47008777782321e-07
1209,8.569913916289806e-07
1210,8.419883670285344e-07
1211,8.299975888803601e-07
1212,8.499919204041362e-07
1213,8.469942258670926e-07
1214,8.250062819570303e-07
1215,8.299975888803601e-07
1216,8.310016710311174e-07
1217,8.619972504675388e-07
1218,8.280039764940739e-07
1219,8.319912012666464e-07
1220,8.409988367930055e-07
1221,8.640054147690535e-07
1222,8.589995559304953e-07
1223,8.329952834174037e-07
1224,8.259958121925592e-07
1225,8.740025805309415e-07
1226,8.560018613934517e-07
1227,8.759961929172277e-07
1228,8.390052244067192e-07
1229,8.599890861660242e-07
1230,8.520000847056508e-07
1231,8.450006134808064e-07
1232,8.429924491792917e-07
1233,8.180068107321858e-07
1234,8.200004231184721e-07
1235,8.350034477189183e-07
1236,8.710048859938979e-07
1237,8.450006134808064e-07
1238,8.740025805309415e-07
1239,8.550123311579227e-07
1240,8.619972504675388e-07
1241,8.749921107664704e-07
1242,8.409988367930055e-07
1243,8.479983080178499e-07
1244,8.219940355047584e-07
1245,8.770002750679851e-07
1246,8.780043572187424e-07
1247,8.420029189437628e-07
1248,8.229981176555157e-07
1249,8.409988367930055e-07
1250,8.490023901686072e-07
1251,8.360075298696756e-07
1252,8.43996531330049e-07
1253,8.3498889580369e-07
1254,8.459901437163353e-07
1255,8.299975888803601e-07
1256,8.729984983801842e-07
1257,8.460046956315637e-07
1258,8.589995559304953e-07
1259,8.229981176555157e-07
1260,8.469942258670926e-07
1261,8.399947546422482e-07
1262,8.759961929172277e-07
1263,8.700008038431406e-07
1264,8.299975888803601e-07
1265,8.659990271553397e-07
1266,8.549977792426944e-07
1267,8.369970601052046e-07
1268,8.649949450045824e-07
1269,8.619972504675388e-07
1270,8.690112736076117e-07
1271,8.450006134808064e-07
1272,8.300121407955885e-07
1273,8.490023901686072e-07
1274,8.540082490071654e-07
1275,8.380011422559619e-07
1276,8.400093065574765e-07
1277,8.530041668564081e-07
1278,8.179922588169575e-07
1279,8.23012669570744e-07
1280,8.380011422559619e-07
1281,8.399947546422482e-07
1282,8.380011422559619e-07
1283,8.500064723193645e-07
1284,8.200004231184721e-07
1285,8.43996531330049e-07
1286,8.389906724914908e-07
1287,8.759961929172277e-07
1288,8.539936970919371e-07
1289,8.450006134808064e-07
1290,8.67003109306097e-07
1291,8.180068107321858e-07
1292,8.169881766662002e-07
1293,8.67992639541626e-07
1294,8.589995559304953e-07
1295,8.380011422559619e-07
1296,8.249917300418019e-07
1297,8.380011422559619e-07
1298,8.67003109306097e-07
1299,8.390052244067192e-07
1300,8.600036380812526e-07
1301,8.429924491792917e-07
1302,8.289935067296028e-07
1303,8.500064723193645e-07
1304,8.460046956315637e-07
1305,8.409988367930055e-07
1306,8.539936970919371e-07
1307,8.460046956315637e-07
1308,8.219940355047584e-07
1309,8.380011422559619e-07
1310,8.629867807030678e-07
1311,8.319912012666464e-07
1312,8.429924491792917e-07
1313,8.430070010945201e-07
1314,8.379865903407335e-07
1315,8.24002199806273e-07
1316,8.690112736076117e-07
1317,8.310016710311174e-07
1318,8.420029189437628e-07
1319,8.549977792426944e-07
1320,8.320057531818748e-07
1321,8.67003109306097e-07
1322,8.390052244067192e-07
1323,8.529896149411798e-07
1324,8.190108928829432e-07
1325,8.509960025548935e-07
1326,8.630013326182961e-07
1327,8.560018613934517e-07
1328,8.640054147690535e-07
1329,8.589995559304953e-07
1330,8.709903340786695e-07
1331,8.200004231184721e-07
1332,8.450006134808064e-07
1333,8.409988367930055e-07
1334,8.280039764940739e-07
1335,8.210045052692294e-07
1336,8.619972504675388e-07
1337,8.130009518936276e-07
1338,8.330098353326321e-07
1339,8.420029189437628e-07
1340,8.700008038431406e-07
1341,8.299975888803601e-07
1342,8.200004231184721e-07
1343,8.729984983801842e-07
1344,8.469942258670926e-07
1345,8.520000847056508e-07
1346,8.210045052692294e-07
1347,8.829956641420722e-07
1348,8.539936970919371e-07
1349,8.44986061565578e-07
1350,8.450006134808064e-07
1351,8.299975888803601e-07
1352,8.450006134808064e-07
1353,8.719944162294269e-07
1354,8.619972504675388e-07
1355,8.380011422559619e-07
1356,8.260103641077876e-07
1357,8.329952834174037e-07
1358,8.420029189437628e-07
1359,8.719944162294269e-07
1360,8.319912012666464e-07
1361,8.320057531818748e-07
1362,8.390052244067192e-07
1363,8.509960025548935e-07
1364,8.690112736076117e-07
1365,8.729984983801842e-07
1366,8.369970601052046e-07
1367,8.369970601052046e-07
1368,8.450006134808064e-07
1369,8.630013326182961e-07
1370,8.540082490071654e-07
1371,8.389906724914908e-07
1372,8.640054147690535e-07
1373,8.649949450045824e-07
1374,8.229981176555157e-07
1375,8.419883670285344e-07
1376,8.359929779544473e-07
1377,8.479983080178499e-07
1378,8.23012669570744e-07
1379,8.159986464306712e-07
1380,8.250062819570303e-07
1381,8.359929779544473e-07
1382,8.24002199806273e-07
1383,8.229981176555157e-07
1384,8.530041668564081e-07
1385,8.47008777782321e-07
1386,8.700008038431406e-07
1387,8.24002199806273e-07
1388,8.269998943433166e-07
1389,8.789938874542713e-07
1390,8.659990271553397e-07
1391,8.539936970919371e-07
1392,8.469942258670926e-07
1393,8.490023901686072e-07
1394,8.630013326182961e-07
1395,8.350034477189183e-07
1396,8.269998943433166e-07
1397,8.57005943544209e-07
1398,8.219940355047584e-07
1399,8.429924491792917e-07
1400,8.539936970919371e-07
1401,8.430070010945201e-07
1402,8.600036380812526e-07
1403,8.279894245788455e-07
1404,8.429924491792917e-07
1405,8.459901437163353e-07
1406,8.719944162294269e-07
1407,8.57995473779738e-07
1408,8.530041668564081e-07
1409,8.440110832452774e-07
1410,8.289935067296028e-07
1411,8.640054147690535e-07
1412,8.450006134808064e-07
1413,8.499919204041362e-07
1414,8.159986464306712e-07
1415,8.259958121925592e-07
1416,8.560018613934517e-07
1417,8.500064723193645e-07
1418,8.799979696050286e-07
1419,8.269998943433166e-07
1420,8.189963409677148e-07
1421,8.509960025548935e-07
1422,8.259958121925592e-07
1423,8.719944162294269e-07
1424,8.450006134808064e-07
1425,8.390052244067192e-07
1426,8.229981176555157e-07
1427,8.350034477189183e-07
1428,8.509960025548935e-07
1429,8.560018613934517e-07
1430,8.429924491792917e-07
1431,8.420029189437628e-07
1432,8.260103641077876e-07
1433,8.57995473779738e-07
1434,8.430070010945201e-07
1435,8.500064723193645e-07
1436,8.479983080178499e-07
1437,8.440110832452774e-07
1438,8.420029189437628e-07
1439,8.450006134808064e-07
1440,8.289935067296028e-07
1441,8.190108928829432e-07
1442,8.67992639541626e-07
1443,8.829956641420722e-07
1444,8.509960025548935e-07
1445,8.479983080178499e-07
1446,8.459901437163353e-07
1447,8.47008777782321e-07
1448,8.750066626816988e-07
1449,8.649949450045824e-07
1450,8.610077202320099e-07
1451,8.469942258670926e-07
1452,8.549977792426944e-07
1453,8.380011422559619e-07
1454,8.700008038431406e-07
1455,8.619972504675388e-07
1456,8.530041668564081e-07
1457,8.429924491792917e-07
1458,8.3498889580369e-07
1459,8.43996531330049e-07
1460,8.420029189437628e-07
1461,8.390052244067192e-07
1462,8.360075298696756e-07
1463,8.119968697428703e-07
1464,8.329952834174037e-07
1465,8.660135790705681e-07
1466,8.310016710311174e-07
1467,8.409988367930055e-07
1468,8.37011612020433e-07
1469,8.380011422559619e-07
1470,8.509960025548935e-07
1471,8.680071914568543e-07
1472,8.24002199806273e-07
1473,8.359929779544473e-07
1474,8.560018613934517e-07
1475,8.420029189437628e-07
1476,8.380011422559619e-07
1477,3.039996954612434e-06
1478,1.0640069376677275e-06
1479,8.860079105943441e-07
1480,8.210045052692294e-07
1481,8.469942258670926e-07
1482,8.750066626816988e-07
1483,8.360075298696756e-07
1484,8.210045052692294e-07
1485,8.410133887082338e-07
1486,8.420029189437628e-07
1487,8.329952834174037e-07
1488,8.369970601052046e-07
1489,8.130009518936276e-07
1490,8.650094969198108e-07
1491,8.650094969198108e-07
1492,8.57995473779738e-07
1493,8.420029189437628e-07
1494,8.110073395073414e-07
1495,8.060014806687832e-07
1496,8.359929779544473e-07
1497,8.520000847056508e-07
1498,8.57995473779738e-07
1499,8.200004231184721e-07
1500,8.200004231184721e-07
1501,8.359929779544473e-07
1502,8.269998943433166e-07
1503,8.369970601052046e-07
1504,8.389906724914908e-07
1505,8.450006134808064e-07
1506,8.329952834174037e-07
1507,8.100032573565841e-07
1508,8.189963409677148e-07
1509,9.34000127017498e-07
1510,8.630013326182961e-07
1511,8.220085874199867e-07
1512,8.729984983801842e-07
1513,8.220085874199867e-07
1514,8.250062819570303e-07
1515,8.170027285814285e-07
1516,8.24002199806273e-07
1517,8.070055628195405e-07
1518,8.399947546422482e-07
1519,8.490023901686072e-07
1520,8.100032573565841e-07
1521,8.47008777782321e-07
1522,8.310016710311174e-07
1523,8.250062819570303e-07
1524,8.510105544701219e-07
1525,8.189963409677148e-07
1526,8.229981176555157e-07
1527,8.170027285814285e-07
1528,8.380011422559619e-07
1529,8.23012669570744e-07
1530,8.110073395073414e-07
1531,8.3498889580369e-07
1532,8.409988367930055e-07
1533,8.33999365568161e-07
1534,8.529896149411798e-07
1535,8.150091161951423e-07
1536,8.320057531818748e-07
1537,8.420029189437628e-07
1538,8.490023901686072e-07
1539,8.33999365568161e-07
1540,8.319912012666464e-07
1541,8.33999365568161e-07
1542,8.00995621830225e-07
1543,8.250062819570303e-07
1544,8.320057531818748e-07
1545,8.150091161951423e-07
1546,8.490023901686072e-07
1547,8.529896149411798e-07
1548,8.409988367930055e-07
1549,8.380011422559619e-07
1550,8.43996531330049e-07
1551,8.780043572187424e-07
1552,8.530041668564081e-07
1553,8.200004231184721e-07
1554,8.490023901686072e-07
1555,8.710048859938979e-07
1556,8.880015229806304e-07
1557,8.380011422559619e-07
1558,8.510105544701219e-07
1559,8.460046956315637e-07
1560,8.630013326182961e-07
1561,8.460046956315637e-07
1562,8.530041668564081e-07
1563,8.290080586448312e-07
1564,8.390052244067192e-07
1565,8.780043572187424e-07
1566,8.67003109306097e-07
1567,8.299975888803601e-07
1568,8.650094969198108e-07
1569,8.389906724914908e-07
1570,8.380011422559619e-07
1571,8.600036380812526e-07
1572,8.310016710311174e-07
1573,8.380011422559619e-07
1574,8.689967216923833e-07
1575,8.619972504675388e-07
1576,8.560018613934517e-07
1577,8.659990271553397e-07
1578,8.269998943433166e-07
1579,8.380011422559619e-07
1580,8.479983080178499e-07
1581,8.469942258670926e-07
1582,8.24002199806273e-07
1583,8.450006134808064e-07
1584,8.460046956315637e-07
1585,8.750066626816988e-07
1586,8.649949450045824e-07
1587,8.740025805309415e-07
1588,8.450006134808064e-07
1589,8.380011422559619e-07
1590,8.33999365568161e-07
1591,8.429924491792917e-07
1592,8.569913916289806e-07
1593,8.179922588169575e-07
1594,8.750066626816988e-07
1595,8.520000847056508e-07
1596,8.47008777782321e-07
1597,8.310016710311174e-07
1598,8.43996531330049e-07
1599,8.950009942054749e-07
1600,8.280039764940739e-07
1601,8.490023901686072e-07
1602,8.560018613934517e-07
1603,8.539936970919371e-07
1604,8.560018613934517e-07
1605,8.47008777782321e-07
1606,8.33999365568161e-07
1607,8.450006134808064e-07
1608,8.319912012666464e-07
1609,8.24002199806273e-07
1610,8.299975888803601e-07
1611,8.549977792426944e-07
1612,8.540082490071654e-07
1613,8.329952834174037e-07
1614,8.310016710311174e-07
1615,8.380011422559619e-07
1616,8.219940355047584e-07
1617,8.520000847056508e-07
1618,8.360075298696756e-07
1619,8.729984983801842e-07
1620,8.700008038431406e-07
1621,8.890056051313877e-07
1622,8.630013326182961e-07
1623,8.630013326182961e-07
1624,8.589995559304953e-07
1625,8.57995473779738e-07
1626,8.3498889580369e-07
1627,8.259958121925592e-07
1628,8.429924491792917e-07
1629,8.380011422559619e-07
1630,8.360075298696756e-07
1631,8.500064723193645e-07
1632,8.569913916289806e-07
1633,8.789938874542713e-07
1634,8.520000847056508e-07
1635,8.589995559304953e-07
1636,8.609931683167815e-07
1637,8.460046956315637e-07
1638,8.57005943544209e-07
1639,8.529896149411798e-07
1640,8.290080586448312e-07
1641,8.359929779544473e-07
1642,8.530041668564081e-07
1643,8.450006134808064e-07
1644,8.990027708932757e-07
1645,8.500064723193645e-07
1646,8.639908628538251e-07
1647,8.490023901686072e-07
1648,8.429924491792917e-07
1649,8.420029189437628e-07
1650,8.350034477189183e-07
1651,8.630013326182961e-07
1652,8.409988367930055e-07
1653,8.460046956315637e-07
1654,8.509960025548935e-07
1655,8.229981176555157e-07
1656,8.299975888803601e-07
1657,8.520000847056508e-07
1658,8.290080586448312e-07
1659,8.459901437163353e-07
1660,8.469942258670926e-07
1661,8.419883670285344e-07
1662,8.310016710311174e-07
1663,8.310016710311174e-07
1664,8.420029189437628e-07
1665,8.550123311579227e-07
1666,8.490023901686072e-07
1667,8.360075298696756e-07
1668,8.57995473779738e-07
1669,8.740025805309415e-07
1670,8.47008777782321e-07
1671,8.500064723193645e-07
1672,8.43996531330049e-07
1673,8.539936970919371e-07
1674,8.389906724914908e-07
1675,8.729984983801842e-07
1676,8.750066626816988e-07
1677,8.509960025548935e-07
1678,8.589995559304953e-07
1679,8.43996531330049e-07
1680,8.569913916289806e-07
1681,8.280039764940739e-07
1682,8.689967216923833e-07
1683,8.220085874199867e-07
1684,8.539936970919371e-07
1685,8.589995559304953e-07
1686,8.269998943433166e-07
1687,8.350034477189183e-07
1688,8.490023901686072e-07
1689,8.210045052692294e-07
1690,8.409988367930055e-07
1691,8.57995473779738e-07
1692,8.47008777782321e-07
1693,8.460046956315637e-07
1694,8.560018613934517e-07
1695,8.33999365568161e-07
1696,8.67003109306097e-07
1697,8.289935067296028e-07
1698,8.530041668564081e-07
1699,8.520000847056508e-07
1700,8.610077202320099e-07
1701,8.399947546422482e-07
1702,8.810020517557859e-07
1703,8.399947546422482e-07
1704,8.409988367930055e-07
1705,8.479983080178499e-07
1706,8.509960025548935e-07
1707,8.310016710311174e-07
1708,8.409988367930055e-07
1709,8.260103641077876e-07
1710,8.219940355047584e-07
1711,8.47008777782321e-07
1712,8.299975888803601e-07
1713,8.549977792426944e-07
1714,8.310016710311174e-07
1715,8.409988367930055e-07
1716,8.380011422559619e-07
1717,8.43996531330049e-07
1718,8.379865903407335e-07
1719,8.250062819570303e-07
1720,8.210045052692294e-07
1721,8.139904821291566e-07
1722,8.310016710311174e-07
1723,8.24002199806273e-07
1724,8.24002199806273e-07
1725,8.210045052692294e-07
1726,8.390052244067192e-07
1727,8.509960025548935e-07
1728,8.420029189437628e-07
1729,8.640054147690535e-07
1730,8.320057531818748e-07
1731,8.250062819570303e-07
1732,8.280039764940739e-07
1733,8.490023901686072e-07
1734,8.550123311579227e-07
1735,8.729984983801842e-07
1736,8.600036380812526e-07
1737,8.450006134808064e-07
1738,8.369970601052046e-07
1739,8.390052244067192e-07
1740,8.299975888803601e-07
1741,8.200004231184721e-07
1742,8.380011422559619e-07
1743,8.429924491792917e-07
1744,8.310016710311174e-07
1745,8.220085874199867e-07
1746,9.049981599673629e-07
1747,8.530041668564081e-07
1748,8.510105544701219e-07
1749,8.43996531330049e-07
1750,8.600036380812526e-07
1751,8.200004231184721e-07
1752,8.560018613934517e-07
1753,8.43996531330049e-07
1754,8.440110832452774e-07
1755,8.24002199806273e-07
1756,8.409988367930055e-07
1757,8.170027285814285e-07
1758,8.20989953354001e-07
1759,8.540082490071654e-07
1760,8.490023901686072e-07
1761,8.369970601052046e-07
1762,8.799979696050286e-07
1763,8.43996531330049e-07
1764,8.469942258670926e-07
1765,8.260103641077876e-07
1766,8.510105544701219e-07
1767,8.689967216923833e-07
1768,8.639908628538251e-07
1769,8.649949450045824e-07
1770,8.44986061565578e-07
1771,8.589995559304953e-07
1772,8.429924491792917e-07
1773,8.479983080178499e-07
1774,8.739880286157131e-07
1775,8.269998943433166e-07
1776,8.57995473779738e-07
1777,8.520000847056508e-07
1778,8.479983080178499e-07
1779,8.460046956315637e-07
1780,8.309871191158891e-07
1781,8.729984983801842e-07
1782,8.640054147690535e-07
1783,8.250062819570303e-07
1784,8.530041668564081e-07
1785,8.33999365568161e-07
1786,8.67992639541626e-07
1787,8.77989805303514e-07
1788,8.389906724914908e-07
1789,8.479983080178499e-07
1790,8.33999365568161e-07
1791,8.259958121925592e-07
1792,8.490023901686072e-07
1793,8.530041668564081e-07
1794,8.47008777782321e-07
1795,8.43996531330049e-07
1796,8.350034477189183e-07
1797,8.299975888803601e-07
1798,8.740025805309415e-07
1799,8.469942258670926e-07
1800,8.499919204041362e-07
1801,8.459901437163353e-07
1802,8.390052244067192e-07
1803,8.520000847056508e-07
1804,8.320057531818748e-07
1805,8.329952834174037e-07
1806,8.190108928829432e-07
1807,8.189963409677148e-07
1808,8.310016710311174e-07
1809,8.200004231184721e-07
1810,8.420029189437628e-07
1811,8.710048859938979e-07
1812,8.490023901686072e-07
1813,8.130009518936276e-07
1814,8.259958121925592e-07
1815,8.409988367930055e-07
1816,8.57995473779738e-07
1817,8.329952834174037e-07
1818,8.509960025548935e-07
1819,8.219940355047584e-07
1820,8.389906724914908e-07
1821,8.340139174833894e-07
1822,8.489878382533789e-07
1823,8.310016710311174e-07
1824,8.409988367930055e-07
1825,8.569913916289806e-07
1826,8.600036380812526e-07
1827,8.47008777782321e-07
1828,8.43996531330049e-07
1829,8.390052244067192e-07
1830,8.750066626816988e-07
1831,8.500064723193645e-07
1832,8.380011422559619e-07
1833,8.510105544701219e-07
1834,8.560018613934517e-07
1835,8.359929779544473e-07
1836,8.539936970919371e-07
1837,8.460046956315637e-07
1838,8.430070010945201e-07
1839,8.290080586448312e-07
1840,8.520000847056508e-07
1841,8.549977792426944e-07
1842,8.249917300418019e-07
1843,8.24002199806273e-07
1844,8.490023901686072e-07
1845,8.520000847056508e-07
1846,8.3498889580369e-07
1847,8.639908628538251e-07
1848,8.3498889580369e-07
1849,8.409988367930055e-07
1850,8.200004231184721e-07
1851,8.259958121925592e-07
1852,8.380011422559619e-07
1853,8.299975888803601e-07
1854,8.459901437163353e-07
1855,8.350034477189183e-07
1856,8.839997462928295e-07
1857,8.280039764940739e-07
1858,8.499919204041362e-07
1859,8.350034477189183e-07
1860,8.3498889580369e-07
1861,8.459901437163353e-07
1862,8.540082490071654e-07
1863,8.809874998405576e-07
1864,8.33999365568161e-07
1865,8.770002750679851e-07
1866,8.560018613934517e-07
1867,8.719944162294269e-07
1868,8.229981176555157e-07
1869,8.159986464306712e-07
1870,8.609931683167815e-07
1871,8.250062819570303e-07
1872,8.710048859938979e-07
1873,8.530041668564081e-07
1874,8.350034477189183e-07
1875,8.420029189437628e-07
1876,8.820061339065433e-07
1877,8.420029189437628e-07
1878,8.689967216923833e-07
1879,8.490023901686072e-07
1880,8.33999365568161e-07
1881,8.369970601052046e-07
1882,8.539936970919371e-07
1883,8.67003109306097e-07
1884,8.659990271553397e-07
1885,8.520000847056508e-07
1886,8.420029189437628e-07
1887,9.020004654303193e-07
1888,8.599890861660242e-07
1889,8.789938874542713e-07
1890,8.500064723193645e-07
1891,8.529896149411798e-07
1892,8.47008777782321e-07
1893,8.529896149411798e-07
1894,8.409988367930055e-07
1895,8.839997462928295e-07
1896,8.350034477189183e-07
1897,8.710048859938979e-07
1898,8.33999365568161e-07
1899,8.43996531330049e-07
1900,8.47008777782321e-07
1901,8.400093065574765e-07
1902,8.540082490071654e-07
1903,8.790084393694997e-07
1904,8.530041668564081e-07
1905,8.479983080178499e-07
1906,8.33999365568161e-07
1907,8.380011422559619e-07
1908,8.810020517557859e-07
1909,8.790084393694997e-07
1910,8.529896149411798e-07
1911,8.689967216923833e-07
1912,8.399947546422482e-07
1913,8.259958121925592e-07
1914,8.360075298696756e-07
1915,8.409988367930055e-07
1916,8.47008777782321e-07
1917,8.529896149411798e-07
1918,8.159986464306712e-07
1919,8.399947546422482e-07
1920,8.430070010945201e-07
1921,8.700008038431406e-07
1922,8.440110832452774e-07
1923,8.390052244067192e-07
1924,8.609931683167815e-07
1925,8.450006134808064e-07
1926,8.399947546422482e-07
1927,8.57005943544209e-07
1928,8.610077202320099e-07
1929,8.57005943544209e-07
1930,8.489878382533789e-07
1931,8.640054147690535e-07
1932,8.489878382533789e-07
1933,8.43996531330049e-07
1934,8.320057531818748e-07
1935,8.650094969198108e-07
1936,8.189963409677148e-07
1937,8.43996531330049e-07
1938,8.609931683167815e-07
1939,8.57005943544209e-07
1940,8.47008777782321e-07
1941,8.659990271553397e-07
1942,8.43996531330049e-07
1943,8.540082490071654e-07
1944,8.350034477189183e-07
1945,8.729984983801842e-07
1946,8.560018613934517e-07
1947,8.279894245788455e-07
1948,8.299975888803601e-07
1949,8.420029189437628e-07
1950,8.810020517557859e-07
1951,8.260103641077876e-07
1952,8.23012669570744e-07
1953,8.269998943433166e-07
1954,8.380011422559619e-07
1955,8.369970601052046e-07
1956,8.589995559304953e-07
1957,8.479983080178499e-07
1958,8.559873094782233e-07
1959,8.720089681446552e-07
1960,8.409988367930055e-07
1961,8.409988367930055e-07
1962,8.409988367930055e-07
1963,8.310016710311174e-07
1964,8.409988367930055e-07
1965,8.650094969198108e-07
1966,8.419883670285344e-07
1967,8.47008777782321e-07
1968,8.220085874199867e-07
1969,8.300121407955885e-07
1970,8.540082490071654e-07
1971,8.559873094782233e-07
1972,8.47008777782321e-07
1973,8.580100256949663e-07
1974,8.280039764940739e-07
1975,8.329952834174037e-07
1976,8.529896149411798e-07
1977,8.309871191158891e-07
1978,9.14005795493722e-07
1979,8.489878382533789e-07
1980,8.259958121925592e-07
1981,8.299975888803601e-07
1982,8.560018613934517e-07
1983,8.759961929172277e-07
1984,8.330098353326321e-07
1985,8.460046956315637e-07
1986,8.560018613934517e-07
1987,8.33999365568161e-07
1988,8.269998943433166e-07
1989,8.409988367930055e-07
1990,8.329952834174037e-07
1991,8.609931683167815e-07
1992,8.239876478910446e-07
1993,8.369970601052046e-07
1994,8.790084393694997e-07
1995,8.24002199806273e-07
1996,8.33999365568161e-07
1997,8.459901437163353e-07
1998,8.420029189437628e-07
1999,8.589995559304953e-07
2000,8.399947546422482e-07
2001,8.610077202320099e-07
2002,8.479983080178499e-07
2003,8.430070010945201e-07
2004,8.360075298696756e-07
2005,8.23012669570744e-07
2006,8.20989953354001e-07
2007,8.409988367930055e-07
2008,8.269998943433166e-07
2009,8.330098353326321e-07
2010,8.630013326182961e-07
2011,8.389906724914908e-07
2012,8.200004231184721e-07
2013,8.630013326182961e-07
2014,8.170027285814285e-07
2015,8.189963409677148e-07
2016,8.43996531330049e-07
2017,8.400093065574765e-07
2018,8.429924491792917e-07
2019,8.549977792426944e-07
2020,8.37011612020433e-07
2021,8.759961929172277e-07
2022,8.390052244067192e-07
2023,8.369970601052046e-07
2024,8.489878382533789e-07
2025,8.789938874542713e-07
2026,8.890056051313877e-07
2027,8.500064723193645e-07
2028,8.549977792426944e-07
2029,8.440110832452774e-07
2030,8.320057531818748e-07
2031,8.47008777782321e-07
2032,8.200004231184721e-07
2033,8.23012669570744e-07
2034,8.540082490071654e-07
2035,8.500064723193645e-07
2036,8.490023901686072e-07
2037,8.530041668564081e-07
2038,8.440110832452774e-07
2039,8.24002199806273e-07
2040,8.3498889580369e-07
2041,8.420029189437628e-07
2042,8.389906724914908e-07
2043,8.400093065574765e-07
2044,8.409988367930055e-07
2045,8.469942258670926e-07
2046,8.659990271553397e-07
2047,8.24002199806273e-07
2048,8.43996531330049e-07
2049,8.659990271553397e-07
2050,8.500064723193645e-07
2051,8.47008777782321e-07
2052,8.359929779544473e-07
2053,8.530041668564081e-07
2054,8.67003109306097e-07
2055,8.500064723193645e-07
2056,8.33999365568161e-07
2057,8.610077202320099e-07
2058,8.459901437163353e-07
2059,8.500064723193645e-07
2060,8.479983080178499e-07
2061,8.619972504675388e-07
2062,8.729984983801842e-07
2063,8.690112736076117e-07
2064,8.560018613934517e-07
2065,8.480128599330783e-07
2066,8.43996531330049e-07
2067,8.799979696050286e-07
2068,8.699862519279122e-07
2069,8.430070010945201e-07
2070,8.799979696050286e-07
2071,8.630013326182961e-07
2072,8.610077202320099e-07
2073,8.630013326182961e-07
2074,8.700008038431406e-07
2075,8.33999365568161e-07
2076,8.359929779544473e-07
2077,8.609931683167815e-07
2078,8.510105544701219e-07
2079,8.389906724914908e-07
2080,8.239876478910446e-07
2081,8.310016710311174e-07
2082,8.580100256949663e-07
2083,8.509960025548935e-07
2084,8.479983080178499e-07
2085,8.479983080178499e-07
2086,8.700008038431406e-07
2087,8.659990271553397e-07
2088,8.600036380812526e-07
2089,8.510105544701219e-07
2090,8.14005034044385e-07
2091,8.549977792426944e-07
2092,8.560018613934517e-07
2093,8.409988367930055e-07
2094,8.510105544701219e-07
2095,8.440110832452774e-07
2096,8.689967216923833e-07
2097,8.399947546422482e-07
2098,8.539936970919371e-07
2099,8.540082490071654e-07
2100,8.219940355047584e-07
2101,8.460046956315637e-07
2102,8.67992639541626e-07
2103,8.429924491792917e-07
2104,8.490023901686072e-07
2105,8.549977792426944e-07
2106,8.289935067296028e-07
2107,8.700008038431406e-07
2108,8.389906724914908e-07
2109,8.3498889580369e-07
2110,8.419883670285344e-07
2111,8.409988367930055e-07
2112,8.500064723193645e-07
2113,8.20989953354001e-07
2114,8.429924491792917e-07
2115,8.549977792426944e-07
2116,8.310016710311174e-07
2117,8.280039764940739e-07
2118,8.450006134808064e-07
2119,8.179922588169575e-07
2120,8.57005943544209e-07
2121,8.57995473779738e-07
2122,8.520000847056508e-07
2123,8.460046956315637e-07
2124,8.730130502954125e-07
2125,8.560018613934517e-07
2126,8.509960025548935e-07
2127,8.219940355047584e-07
2128,8.290080586448312e-07
2129,8.269998943433166e-07
2130,8.20989953354001e-07
2131,8.460046956315637e-07
2132,8.399947546422482e-07
2133,8.409988367930055e-07
2134,8.550123311579227e-07
2135,8.419883670285344e-07
2136,8.380011422559619e-07
2137,8.780043572187424e-07
2138,8.289935067296028e-07
2139,8.269998943433166e-07
2140,8.80012521520257e-07
2141,8.320057531818748e-07
2142,8.609931683167815e-07
2143,9.060022421181202e-07
2144,8.499919204041362e-07
2145,8.640054147690535e-07
2146,8.530041668564081e-07
2147,8.850038284435868e-07
2148,8.589995559304953e-07
2149,8.640054147690535e-07
2150,8.369970601052046e-07
2151,8.350034477189183e-07
2152,8.529896149411798e-07
2153,8.549977792426944e-07
2154,8.520000847056508e-07
2155,8.799979696050286e-07
2156,8.499919204041362e-07
2157,8.360075298696756e-07
2158,8.379865903407335e-07
2159,8.320057531818748e-07
2160,8.499919204041362e-07
2161,8.360075298696756e-07
2162,8.500064723193645e-07
2163,8.710048859938979e-07
2164,8.740025805309415e-07
2165,8.520000847056508e-07
2166,8.510105544701219e-07
2167,8.200004231184721e-07
2168,8.429924491792917e-07
2169,8.689967216923833e-07
2170,8.539936970919371e-07
2171,8.299975888803601e-07
2172,8.290080586448312e-07
2173,8.430070010945201e-07
2174,8.560018613934517e-07
2175,8.299975888803601e-07
2176,8.250062819570303e-07
2177,8.390052244067192e-07
2178,1.2399978004395962e-06
2179,9.119976311922073e-07
2180,8.409988367930055e-07
2181,8.179922588169575e-07
2182,8.589995559304953e-07
2183,8.849892765283585e-07
2184,8.43996531330049e-07
2185,8.420029189437628e-07
2186,8.450006134808064e-07
2187,8.57005943544209e-07
2188,8.419883670285344e-07
2189,9.149953257292509e-07
2190,8.300121407955885e-07
2191,8.589995559304953e-07
2192,9.130017133429646e-07
2193,8.659990271553397e-07
2194,8.409988367930055e-07
2195,8.509960025548935e-07
2196,8.57005943544209e-07
2197,8.67003109306097e-07
2198,8.649949450045824e-07
2199,8.539936970919371e-07
2200,8.299975888803601e-07
2201,8.229981176555157e-07
2202,8.880015229806304e-07
2203,8.220085874199867e-07
2204,8.829956641420722e-07
2205,8.530041668564081e-07
2206,8.430070010945201e-07
2207,8.589995559304953e-07
2208,8.529896149411798e-07
2209,8.33999365568161e-07
2210,8.469942258670926e-07
2211,8.469942258670926e-07
2212,8.490023901686072e-07
2213,8.509960025548935e-07
2214,8.690112736076117e-07
2215,8.400093065574765e-07
2216,8.509960025548935e-07
2217,8.179922588169575e-07
2218,8.400093065574765e-07
2219,8.499919204041362e-07
2220,8.469942258670926e-07
2221,8.709903340786695e-07
2222,8.189963409677148e-07
2223,8.340139174833894e-07
2224,8.560018613934517e-07
2225,8.210045052692294e-07
2226,8.130009518936276e-07
2227,8.500064723193645e-07
2228,8.430070010945201e-07
2229,8.369970601052046e-07
2230,8.729984983801842e-07
2231,8.250062819570303e-07
2232,8.420029189437628e-07
2233,8.720089681446552e-07
2234,8.329952834174037e-07
2235,8.310016710311174e-07
2236,8.729984983801842e-07
2237,8.20989953354001e-07
2238,8.659990271553397e-07
2239,8.430070010945201e-07
2240,8.360075298696756e-07
2241,8.549977792426944e-07
2242,8.409988367930055e-07
2243,8.200004231184721e-07
2244,8.189963409677148e-07
2245,8.239876478910446e-07
2246,8.319912012666464e-07
2247,8.500064723193645e-07
2248,8.289935067296028e-07
2249,8.400093065574765e-07
2250,8.57005943544209e-07
2251,8.170027285814285e-07
2252,9.070063242688775e-07
2253,8.359929779544473e-07
2254,8.220085874199867e-07
2255,8.479983080178499e-07
2256,8.560018613934517e-07
2257,8.550123311579227e-07
2258,8.389906724914908e-07
2259,8.200004231184721e-07
2260,8.33999365568161e-07
2261,8.310016710311174e-07
2262,8.409988367930055e-07
2263,8.269998943433166e-07
2264,8.47008777782321e-07
2265,8.630013326182961e-07
2266,8.33999365568161e-07
2267,8.280039764940739e-07
2268,9.070063242688775e-07
2269,8.210045052692294e-07
2270,8.530041668564081e-07
2271,8.719944162294269e-07
2272,8.420029189437628e-07
2273,8.549977792426944e-07
2274,8.57005943544209e-07
2275,8.799979696050286e-07
2276,8.320057531818748e-07
2277,8.630013326182961e-07
2278,8.43996531330049e-07
2279,8.450006134808064e-07
2280,8.319912012666464e-07
2281,8.420029189437628e-07
2282,8.469942258670926e-07
2283,8.57005943544209e-07
2284,8.619972504675388e-07
2285,8.500064723193645e-07
2286,8.510105544701219e-07
2287,8.850038284435868e-07
2288,8.810020517557859e-07
2289,8.310016710311174e-07
2290,8.67003109306097e-07
2291,8.560018613934517e-07
2292,8.539936970919371e-07
2293,8.350034477189183e-07
2294,8.659990271553397e-07
2295,8.719944162294269e-07
2296,8.37011612020433e-07
2297,8.24002199806273e-07
2298,8.299975888803601e-07
2299,8.450006134808064e-07
2300,8.460046956315637e-07
2301,8.420029189437628e-07
2302,8.680071914568543e-07
2303,8.400093065574765e-07
2304,8.479983080178499e-07
2305,8.100032573565841e-07
2306,8.360075298696756e-07
2307,8.530041668564081e-07
2308,8.20989953354001e-07
2309,8.360075298696756e-07
2310,8.430070010945201e-07
2311,8.630013326182961e-07
2312,8.359929779544473e-07
2313,8.369970601052046e-07
2314,8.589995559304953e-07
2315,8.610077202320099e-07
2316,8.219940355047584e-07
2317,8.630013326182961e-07
2318,8.269998943433166e-07
2319,8.369970601052046e-07
2320,8.790084393694997e-07
2321,8.460046956315637e-07
2322,8.67003109306097e-07
2323,8.490023901686072e-07
2324,8.659990271553397e-07
2325,8.710048859938979e-07
2326,8.430070010945201e-07
2327,8.539936970919371e-07
2328,8.929928299039602e-07
2329,8.210045052692294e-07
2330,8.310016710311174e-07
2331,8.520000847056508e-07
2332,8.479983080178499e-07
2333,8.399947546422482e-07
2334,8.520000847056508e-07
2335,8.610077202320099e-07
2336,8.609931683167815e-07
2337,8.3498889580369e-07
2338,8.269998943433166e-07
2339,8.619972504675388e-07
2340,8.229981176555157e-07
2341,8.450006134808064e-07
2342,8.179922588169575e-07
2343,8.770002750679851e-07
2344,8.360075298696756e-07
2345,8.630013326182961e-07
2346,8.14005034044385e-07
2347,8.420029189437628e-07
2348,8.390052244067192e-07
2349,8.810020517557859e-07
2350,8.290080586448312e-07
2351,8.749921107664704e-07
2352,8.399947546422482e-07
2353,8.409988367930055e-07
2354,8.329952834174037e-07
2355,8.430070010945201e-07
2356,8.599890861660242e-07
2357,8.310016710311174e-07
2358,8.329952834174037e-07
2359,8.229981176555157e-07
2360,8.67992639541626e-07
2361,8.440110832452774e-07
2362,8.290080586448312e-07
2363,8.360075298696756e-07
2364,8.280039764940739e-07
2365,8.3498889580369e-07
2366,8.119968697428703e-07
2367,8.490023901686072e-07
2368,8.479983080178499e-07
2369,8.310016710311174e-07
2370,8.420029189437628e-07
2371,8.400093065574765e-07
2372,8.269998943433166e-07
2373,8.220085874199867e-07
2374,8.33999365568161e-07
2375,8.259958121925592e-07
2376,8.469942258670926e-07
2377,8.37011612020433e-07
2378,8.369970601052046e-07
2379,8.520000847056508e-07
2380,8.740025805309415e-07
2381,8.560018613934517e-07
2382,8.360075298696756e-07
2383,8.290080586448312e-07
2384,8.390052244067192e-07
2385,8.719944162294269e-07
2386,8.380011422559619e-07
2387,8.649949450045824e-07
2388,8.459901437163353e-07
2389,8.400093065574765e-07
2390,8.490023901686072e-07
2391,8.560018613934517e-07
2392,8.279894245788455e-07
2393,8.350034477189183e-07
2394,8.380011422559619e-07
2395,8.57995473779738e-07
2396,8.410133887082338e-07
2397,8.289935067296028e-07
2398,8.269998943433166e-07
2399,8.520000847056508e-07
2400,8.67003109306097e-07
2401,8.450006134808064e-07
2402,8.329952834174037e-07
2403,8.429924491792917e-07
2404,8.440110832452774e-07
2405,8.450006134808064e-07
2406,8.490023901686072e-07
2407,8.740025805309415e-07
2408,8.250062819570303e-07
2409,8.47008777782321e-07
2410,8.829956641420722e-07
2411,8.669885573908687e-07
2412,8.390052244067192e-07
2413,8.269998943433166e-07
2414,8.259958121925592e-07
2415,8.259958121925592e-07
2416,8.330098353326321e-07
2417,8.369970601052046e-07
2418,8.320057531818748e-07
2419,8.509960025548935e-07
2420,8.259958121925592e-07
2421,8.130009518936276e-07
2422,8.309871191158891e-07
2423,8.77989805303514e-07
2424,8.539936970919371e-07
2425,8.250062819570303e-07
2426,8.700008038431406e-07
2427,8.429924491792917e-07
2428,8.33999365568161e-07
2429,8.689967216923833e-07
2430,8.530041668564081e-07
2431,8.420029189437628e-07
2432,8.460046956315637e-07
2433,8.399947546422482e-07
2434,8.850038284435868e-07
2435,8.619972504675388e-07
2436,8.499919204041362e-07
2437,8.490023901686072e-07
2438,8.569913916289806e-07
2439,8.640054147690535e-07
2440,8.479983080178499e-07
2441,8.550123311579227e-07
2442,8.469942258670926e-07
2443,8.429924491792917e-07
2444,8.490023901686072e-07
2445,8.57005943544209e-07
2446,8.450006134808064e-07
2447,8.420029189437628e-07
2448,8.329952834174037e-07
2449,8.24002199806273e-07
2450,8.330098353326321e-07
2451,8.409988367930055e-07
2452,8.709903340786695e-07
2453,8.509960025548935e-07
2454,8.57005943544209e-07
2455,8.430070010945201e-07
2456,8.309871191158891e-07
2457,8.329952834174037e-07
2458,8.399947546422482e-07
2459,8.610077202320099e-07
2460,8.399947546422482e-07
2461,8.689967216923833e-07
2462,8.24002199806273e-07
2463,8.450006134808064e-07
2464,8.57005943544209e-07
2465,8.569913916289806e-07
2466,8.789938874542713e-07
2467,8.200004231184721e-07
2468,8.359929779544473e-07
2469,8.509960025548935e-07
2470,8.159986464306712e-07
2471,8.259958121925592e-07
2472,8.589995559304953e-07
2473,8.400093065574765e-07
2474,8.330098353326321e-07
2475,8.829956641420722e-07
2476,8.539936970919371e-07
2477,8.469942258670926e-07
2478,8.409988367930055e-07
2479,8.469942258670926e-07
2480,8.390052244067192e-07
2481,8.389906724914908e-07
2482,8.290080586448312e-07
2483,8.649949450045824e-07
2484,8.200004231184721e-07
2485,8.189963409677148e-07
2486,8.619972504675388e-07
2487,8.200004231184721e-07
2488,8.689967216923833e-07
2489,8.490023901686072e-07
2490,8.789938874542713e-07
2491,8.489878382533789e-07
2492,8.509960025548935e-07
2493,8.740025805309415e-07
2494,8.459901437163353e-07
2495,8.549977792426944e-07
2496,8.57005943544209e-07
2497,8.630013326182961e-07
2498,8.200004231184721e-07
2499,8.280039764940739e-07
2500,8.360075298696756e-07
2501,8.729984983801842e-07
2502,8.23012669570744e-07
2503,8.200004231184721e-07
2504,8.599890861660242e-07
2505,8.459901437163353e-07
2506,8.359929779544473e-07
2507,8.589995559304953e-07
2508,8.189963409677148e-07
2509,8.509960025548935e-07
2510,8.380011422559619e-07
2511,8.369970601052046e-07
2512,8.57995473779738e-07
2513,8.67992639541626e-07
2514,8.260103641077876e-07
2515,8.399947546422482e-07
2516,8.740025805309415e-07
2517,8.43996531330049e-07
2518,8.329952834174037e-07
2519,8.57005943544209e-07
2520,8.290080586448312e-07
2521,8.369970601052046e-07
2522,8.729984983801842e-07
2523,8.300121407955885e-07
2524,8.259958121925592e-07
2525,8.489878382533789e-07
2526,8.710048859938979e-07
2527,8.479983080178499e-07
2528,8.649949450045824e-07
2529,8.43996531330049e-07
2530,8.319912012666464e-07
2531,8.23012669570744e-07
2532,8.269998943433166e-07
2533,8.490023901686072e-07
2534,8.849892765283585e-07
2535,8.620118023827672e-07
2536,8.680071914568543e-07
2537,8.450006134808064e-07
2538,8.47008777782321e-07
2539,8.580100256949663e-07
2540,8.200004231184721e-07
2541,8.479983080178499e-07
2542,8.549977792426944e-07
2543,8.539936970919371e-07
2544,8.290080586448312e-07
2545,8.390052244067192e-07
2546,8.459901437163353e-07
2547,8.669885573908687e-07
2548,8.269998943433166e-07
2549,8.170027285814285e-07
2550,8.210045052692294e-07
2551,8.399947546422482e-07
2552,8.400093065574765e-07
2553,8.360075298696756e-07
2554,8.520000847056508e-07
2555,8.380011422559619e-07
2556,8.719944162294269e-07
2557,8.269998943433166e-07
2558,8.229981176555157e-07
2559,8.47008777782321e-07
2560,8.430070010945201e-07
2561,8.210045052692294e-07
2562,8.350034477189183e-07
2563,8.299975888803601e-07
2564,8.609931683167815e-07
2565,8.320057531818748e-07
2566,8.420029189437628e-07
2567,8.520000847056508e-07
2568,8.269998943433166e-07
2569,8.229981176555157e-07
2570,8.420029189437628e-07
2571,8.450006134808064e-07
2572,8.57005943544209e-07
2573,8.770002750679851e-07
2574,8.560018613934517e-07
2575,8.530041668564081e-07
2576,8.720089681446552e-07
2577,8.360075298696756e-07
2578,8.510105544701219e-07
2579,8.369970601052046e-07
2580,8.429924491792917e-07
2581,8.229981176555157e-07
2582,8.189963409677148e-07
2583,8.299975888803601e-07
2584,8.369970601052046e-07
2585,8.620118023827672e-07
2586,8.589995559304953e-07
2587,8.610077202320099e-07
2588,8.550123311579227e-07
2589,8.520000847056508e-07
2590,8.200004231184721e-07
2591,8.590141078457236e-07
2592,8.309871191158891e-07
2593,8.24002199806273e-07
2594,8.389906724914908e-07
2595,8.220085874199867e-07
2596,8.200004231184721e-07
2597,8.310016710311174e-07
2598,8.400093065574765e-07
2599,8.379865903407335e-07
2600,8.569913916289806e-07
2601,8.3498889580369e-07
2602,8.540082490071654e-07
2603,8.250062819570303e-07
2604,8.289935067296028e-07
2605,8.67003109306097e-07
2606,8.14005034044385e-07
2607,8.329952834174037e-07
2608,8.57995473779738e-07
2609,8.289935067296028e-07
2610,8.33999365568161e-07
2611,8.420029189437628e-07
2612,8.290080586448312e-07
2613,8.420029189437628e-07
2614,8.440110832452774e-07
2615,8.319912012666464e-07
2616,8.799979696050286e-07
2617,8.200004231184721e-07
2618,8.280039764940739e-07
2619,8.310016710311174e-07
2620,8.450006134808064e-07
2621,8.399947546422482e-07
2622,8.269998943433166e-07
2623,8.229981176555157e-07
2624,9.780051186680794e-07
2625,8.580100256949663e-07
2626,8.369970601052046e-07
2627,8.259958121925592e-07
2628,8.469942258670926e-07
2629,8.33999365568161e-07
2630,8.599890861660242e-07
2631,8.740025805309415e-07
2632,8.429924491792917e-07
2633,8.400093065574765e-07
2634,8.979986887425184e-07
2635,8.24002199806273e-07
2636,8.569913916289806e-07
2637,8.300121407955885e-07
2638,8.350034477189183e-07
2639,8.300121407955885e-07
2640,8.499919204041362e-07
2641,8.590141078457236e-07
2642,8.399947546422482e-07
2643,8.429924491792917e-07
2644,8.409988367930055e-07
2645,8.359929779544473e-07
2646,8.67003109306097e-07
2647,8.509960025548935e-07
2648,8.3498889580369e-07
2649,9.110081009566784e-07
2650,8.359929779544473e-07
2651,8.33999365568161e-07
2652,8.67003109306097e-07
2653,8.549977792426944e-07
2654,8.57005943544209e-07
2655,8.299975888803601e-07
2656,8.530041668564081e-07
2657,8.479983080178499e-07
2658,8.510105544701219e-07
2659,8.259958121925592e-07
2660,8.549977792426944e-07
2661,8.460046956315637e-07
2662,8.690112736076117e-07
2663,8.639908628538251e-07
2664,8.360075298696756e-07
2665,8.680071914568543e-07
2666,8.520000847056508e-07
2667,8.429924491792917e-07
2668,8.630013326182961e-07
2669,8.369970601052046e-07
2670,8.269998943433166e-07
2671,8.810020517557859e-07
2672,8.43996531330049e-07
2673,8.419883670285344e-07
2674,8.669885573908687e-07
2675,8.450006134808064e-07
2676,8.80012521520257e-07
2677,8.730130502954125e-07
2678,8.759961929172277e-07
2679,8.560018613934517e-07
2680,8.560018613934517e-07
2681,8.689967216923833e-07
2682,8.399947546422482e-07
2683,8.440110832452774e-07
2684,8.669885573908687e-07
2685,8.520000847056508e-07
2686,8.569913916289806e-07
2687,8.539936970919371e-07
2688,8.350034477189183e-07
2689,8.589995559304953e-07
2690,8.400093065574765e-07
2691,8.57005943544209e-07
2692,8.43996531330049e-07
2693,8.450006134808064e-07
2694,8.310016710311174e-07
2695,8.299975888803601e-07
2696,8.630013326182961e-07
2697,8.420029189437628e-07
2698,8.469942258670926e-07
2699,8.279894245788455e-07
2700,8.460046956315637e-07
2701,8.170027285814285e-07
2702,8.350034477189183e-07
2703,8.620118023827672e-07
2704,8.369970601052046e-07
2705,8.450006134808064e-07
2706,8.299975888803601e-07
2707,8.640054147690535e-07
2708,8.57005943544209e-07
2709,8.310016710311174e-07
2710,8.689967216923833e-07
2711,8.490023901686072e-07
2712,8.33999365568161e-07
2713,8.310016710311174e-07
2714,8.359929779544473e-07
2715,8.260103641077876e-07
2716,8.999923011288047e-07
2717,8.310016710311174e-07
2718,8.450006134808064e-07
2719,8.560018613934517e-07
2720,8.229981176555157e-07
2721,8.399947546422482e-07
2722,8.430070010945201e-07
2723,8.360075298696756e-07
2724,8.47008777782321e-07
2725,8.839997462928295e-07
2726,8.33999365568161e-07
2727,8.229981176555157e-07
2728,8.350034477189183e-07
2729,8.229981176555157e-07
2730,8.689967216923833e-07
2731,8.289935067296028e-07
2732,8.520000847056508e-07
2733,8.43996531330049e-07
2734,8.329952834174037e-07
2735,8.389906724914908e-07
2736,8.190108928829432e-07
2737,8.509960025548935e-07
2738,8.47008777782321e-07
2739,8.500064723193645e-07
2740,8.589995559304953e-07
2741,8.729984983801842e-07
2742,8.24002199806273e-07
2743,8.580100256949663e-07
2744,8.350034477189183e-07
2745,8.799979696050286e-07
2746,8.549977792426944e-07
2747,8.390052244067192e-07
2748,8.259958121925592e-07
2749,8.319912012666464e-07
2750,8.689967216923833e-07
2751,8.189963409677148e-07
2752,8.24002199806273e-07
2753,8.57995473779738e-07
2754,8.609931683167815e-07
2755,8.320057531818748e-07
2756,8.200004231184721e-07
2757,8.420029189437628e-07
2758,8.410133887082338e-07
2759,8.33999365568161e-07
2760,8.47008777782321e-07
2761,8.67992639541626e-07
2762,8.509960025548935e-07
2763,8.509960025548935e-07
2764,8.450006134808064e-07
2765,9.149953257292509e-07
2766,8.689967216923833e-07
2767,8.249917300418019e-07
2768,8.57995473779738e-07
2769,8.419883670285344e-07
2770,8.560018613934517e-07
2771,8.460046956315637e-07
2772,8.640054147690535e-07
2773,8.490023901686072e-07
2774,8.710048859938979e-07
2775,8.860079105943441e-07
2776,8.589995559304953e-07
2777,8.560018613934517e-07
2778,8.329952834174037e-07
2779,8.460046956315637e-07
2780,8.460046956315637e-07
2781,8.560018613934517e-07
2782,8.539936970919371e-07
2783,8.380011422559619e-07
2784,8.299975888803601e-07
2785,8.269998943433166e-07
2786,8.599890861660242e-07
2787,8.620118023827672e-07
2788,8.390052244067192e-07
2789,8.409988367930055e-07
2790,8.940114639699459e-07
2791,8.509960025548935e-07
2792,8.490023901686072e-07
2793,8.57995473779738e-07
2794,8.410133887082338e-07
2795,8.560018613934517e-07
2796,8.619972504675388e-07
2797,8.47008777782321e-07
2798,8.479983080178499e-07
2799,8.380011422559619e-07
2800,8.529896149411798e-07
2801,8.490023901686072e-07
2802,8.299975888803601e-07
2803,8.269998943433166e-07
2804,8.77989805303514e-07
2805,8.369970601052046e-07
2806,8.550123311579227e-07
2807,8.490023901686072e-07
2808,8.250062819570303e-07
2809,8.20989953354001e-07
2810,8.649949450045824e-07
2811,8.509960025548935e-07
2812,8.729984983801842e-07
2813,8.580100256949663e-07
2814,8.689967216923833e-07
2815,8.530041668564081e-07
2816,8.569913916289806e-07
2817,8.520000847056508e-07
2818,8.499919204041362e-07
2819,8.530041668564081e-07
2820,8.33999365568161e-07
2821,8.630013326182961e-07
2822,8.549977792426944e-07
2823,8.329952834174037e-07
2824,8.780043572187424e-07
2825,8.67992639541626e-07
2826,8.420029189437628e-07
2827,8.560018613934517e-07
2828,8.420029189437628e-07
2829,8.520000847056508e-07
2830,8.269998943433166e-07
2831,8.289935067296028e-07
2832,8.409988367930055e-07
2833,8.369970601052046e-07
2834,8.499919204041362e-07
2835,8.559873094782233e-07
2836,8.600036380812526e-07
2837,8.669885573908687e-07
2838,8.560018613934517e-07
2839,8.560018613934517e-07
2840,8.269998943433166e-07
2841,8.390052244067192e-07
2842,8.630013326182961e-07
2843,8.549977792426944e-07
2844,8.37011612020433e-07
2845,8.639908628538251e-07
2846,8.549977792426944e-07
2847,8.469942258670926e-07
2848,8.299975888803601e-07
2849,8.259958121925592e-07
2850,8.200004231184721e-07
2851,8.280039764940739e-07
2852,8.280039764940739e-07
2853,8.530041668564081e-07
2854,8.189963409677148e-07
2855,8.180068107321858e-07
2856,8.430070010945201e-07
2857,8.219940355047584e-07
2858,8.469942258670926e-07
2859,8.589995559304953e-07
2860,8.650094969198108e-07
2861,8.709903340786695e-07
2862,8.67003109306097e-07
2863,8.33999365568161e-07
2864,8.170027285814285e-07
2865,8.500064723193645e-07
2866,8.479983080178499e-07
2867,8.529896149411798e-07
2868,8.210045052692294e-07
2869,8.180068107321858e-07
2870,8.33999365568161e-07
2871,8.57005943544209e-07
2872,8.430070010945201e-07
2873,8.650094969198108e-07
2874,8.57005943544209e-07
2875,8.659990271553397e-07
2876,8.67003109306097e-07
2877,8.43996531330049e-07
2878,8.44986061565578e-07
2879,1.2130039976909757e-06
2880,8.880015229806304e-07
2881,8.420029189437628e-07
2882,8.319912012666464e-07
2883,8.200004231184721e-07
2884,8.359929779544473e-07
2885,8.500064723193645e-07
2886,8.899951353669167e-07
2887,8.309871191158891e-07
2888,8.33999365568161e-07
2889,8.560018613934517e-07
2890,8.220085874199867e-07
2891,8.530041668564081e-07
2892,8.419883670285344e-07
2893,8.289935067296028e-07
2894,8.549977792426944e-07
2895,8.430070010945201e-07
2896,8.700008038431406e-07
2897,8.630013326182961e-07
2898,8.569913916289806e-07
2899,8.610077202320099e-07
2900,8.310016710311174e-07
2901,8.299975888803601e-07
2902,8.289935067296028e-07
2903,8.420029189437628e-07
2904,8.380011422559619e-07
2905,8.520000847056508e-07
2906,8.459901437163353e-07
2907,8.380011422559619e-07
2908,9.030045475810766e-07
2909,8.299975888803601e-07
2910,8.450006134808064e-07
2911,8.530041668564081e-07
2912,8.770002750679851e-07
2913,8.390052244067192e-07
2914,8.57995473779738e-07
2915,8.640054147690535e-07
2916,8.539936970919371e-07
2917,8.33999365568161e-07
2918,8.57005943544209e-07
2919,8.67003109306097e-07
2920,8.520000847056508e-07
2921,8.710048859938979e-07
2922,8.610077202320099e-07
2923,8.220085874199867e-07
2924,8.450006134808064e-07
2925,8.459901437163353e-07
2926,8.520000847056508e-07
2927,8.249917300418019e-07
2928,8.609931683167815e-07
2929,8.280039764940739e-07
2930,8.499919204041362e-07
2931,8.47008777782321e-07
2932,8.320057531818748e-07
2933,8.499919204041362e-07
2934,8.560018613934517e-07
2935,8.450006134808064e-07
2936,8.250062819570303e-07
2937,8.310016710311174e-07
2938,8.880015229806304e-07
2939,8.479983080178499e-07
2940,8.33999365568161e-07
2941,8.390052244067192e-07
2942,8.509960025548935e-07
2943,8.580100256949663e-07
2944,8.799979696050286e-07
2945,8.450006134808064e-07
2946,8.43996531330049e-07
2947,8.690112736076117e-07
2948,8.450006134808064e-07
2949,8.33999365568161e-07
2950,8.350034477189183e-07
2951,8.630013326182961e-07
2952,8.380011422559619e-07
2953,8.510105544701219e-07
2954,8.560018613934517e-07
2955,8.829956641420722e-07
2956,8.619972504675388e-07
2957,8.530041668564081e-07
2958,8.539936970919371e-07
2959,8.870119927451015e-07
2960,8.479983080178499e-07
2961,8.640054147690535e-07
2962,8.520000847056508e-07
2963,8.259958121925592e-07
2964,8.490023901686072e-07
2965,8.409988367930055e-07
2966,8.460046956315637e-07
2967,8.389906724914908e-07
2968,8.469942258670926e-07
2969,8.409988367930055e-07
2970,8.509960025548935e-07
2971,8.740025805309415e-07
2972,8.589995559304953e-07
2973,8.57995473779738e-07
2974,8.469942258670926e-07
2975,8.549977792426944e-07
2976,8.47008777782321e-07
2977,8.24002199806273e-07
2978,8.539936970919371e-07
2979,8.790084393694997e-07
2980,8.37011612020433e-07
2981,8.43996531330049e-07
2982,8.420029189437628e-07
2983,8.729984983801842e-07
2984,8.360075298696756e-07
2985,8.409988367930055e-07
2986,8.469942258670926e-07
2987,8.700008038431406e-07
2988,8.600036380812526e-07
2989,8.530041668564081e-07
2990,8.359929779544473e-07
2991,8.630013326182961e-07
2992,8.500064723193645e-07
2993,8.479983080178499e-07
2994,8.300121407955885e-07
2995,8.659990271553397e-07
2996,8.629867807030678e-07
2997,8.790084393694997e-07
2998,8.490023901686072e-07
2999,8.319912012666464e-07
